,participant,qid,nr_attempts,nr_subgoals,nr_attempts_per_subgoal
0,60106245db5b643e9ca0542f,access1,19,3,6.333333333333333
1,601146dadb5b643e9ca054e5,access1,1,3,0.3333333333333333
2,601587f68a8fb97c0541f607,access1,6,3,2.0
3,60185e4ef8a80c12afba1014,access1,3,3,1.0
4,6018f3a9f8a80c12afba217e,access1,37,3,12.333333333333334
5,6018f410f8a80c12afba2194,access1,9,3,3.0
6,6018f44df8a80c12afba219c,access1,160,3,53.333333333333336
7,6018f495f8a80c12afba21aa,access1,47,3,15.666666666666666
8,6018f517f8a80c12afba21c8,access1,24,3,8.0
9,6018f56af8a80c12afba21e0,access1,1,3,0.3333333333333333
10,6018f660f8a80c12afba2217,access1,52,3,17.333333333333332
11,6018f697f8a80c12afba2235,access1,29,3,9.666666666666666
12,6018f6ebf8a80c12afba227b,access1,6,3,2.0
13,6018f6f3f8a80c12afba2286,access1,251,3,83.66666666666667
14,6018f723f8a80c12afba2369,access1,1,3,0.3333333333333333
15,6018f733f8a80c12afba2374,access1,38,3,12.666666666666666
16,6018f9d4f8a80c12afba2793,access1,51,3,17.0
17,6018fb66f8a80c12afba2a0e,access1,89,3,29.666666666666668
18,6018fd16f8a80c12afba2cd5,access1,17,3,5.666666666666667
19,6018fd31f8a80c12afba2cf5,access1,19,3,6.333333333333333
20,6018fe8ff8a80c12afba2fa8,access1,105,3,35.0
21,60190373f8a80c12afba3a90,access1,3,3,1.0
22,60190c05f8a80c12afba4a8f,access1,125,3,41.666666666666664
23,601924e3f8a80c12afba85d6,access1,16,3,5.333333333333333
24,601924edf8a80c12afba861d,access1,9,3,3.0
25,601924f2f8a80c12afba8654,access1,1,3,0.3333333333333333
26,60192506f8a80c12afba8709,access1,2,3,0.6666666666666666
27,6019252af8a80c12afba8755,access1,11,3,3.6666666666666665
28,601925c8f8a80c12afba89d6,access1,1,3,0.3333333333333333
29,601925def8a80c12afba8a6a,access1,2,3,0.6666666666666666
30,601925eff8a80c12afba8a91,access1,33,3,11.0
31,60192601f8a80c12afba8aa9,access1,6,3,2.0
32,60192610f8a80c12afba8ad7,access1,2,3,0.6666666666666666
33,6019268bf8a80c12afba8d22,access1,31,3,10.333333333333334
34,601926a6f8a80c12afba8dda,access1,6,3,2.0
35,601926c6f8a80c12afba8eaa,access1,12,3,4.0
36,6019275ff8a80c12afba906a,access1,6,3,2.0
37,60192799f8a80c12afba9199,access1,2,3,0.6666666666666666
38,601927c8f8a80c12afba9261,access1,1,3,0.3333333333333333
39,601927d2f8a80c12afba9286,access1,5,3,1.6666666666666667
40,601927dbf8a80c12afba9299,access1,1,3,0.3333333333333333
41,6019281bf8a80c12afba93fa,access1,41,3,13.666666666666666
42,601928dff8a80c12afba988d,access1,1,3,0.3333333333333333
43,601928eef8a80c12afba98e0,access1,99,3,33.0
44,60192904f8a80c12afba994e,access1,1,3,0.3333333333333333
45,6019290ff8a80c12afba996f,access1,17,3,5.666666666666667
46,60192a03f8a80c12afbaa059,access1,25,3,8.333333333333334
47,60192a0cf8a80c12afbaa0b1,access1,2,3,0.6666666666666666
48,60192a78f8a80c12afbaa48e,access1,2,3,0.6666666666666666
49,60193056f8a80c12afbad1c3,access1,4,3,1.3333333333333333
50,60193331f8a80c12afbaedd5,access1,1,3,0.3333333333333333
51,60193a1cf8a80c12afbb4284,access1,77,3,25.666666666666668
52,60194527f8a80c12afbba1bf,access1,7,3,2.3333333333333335
53,60195993f8a80c12afbc0b90,access1,85,3,28.333333333333332
54,601963bff8a80c12afbc316c,access1,1,3,0.3333333333333333
55,60196af9f8a80c12afbc4bac,access1,25,3,8.333333333333334
56,601a16cef8a80c12afbd712f,access1,19,3,6.333333333333333
57,601a3a2ef8a80c12afbda079,access1,27,3,9.0
58,601a9107f8a80c12afbdcee7,access1,48,3,16.0
59,601ad24ff8a80c12afbdde77,access1,4,3,1.3333333333333333
60,601ba4acf8a80c12afbdee12,access1,3,3,1.0
61,601beec0f8a80c12afbe12ac,access1,1,3,0.3333333333333333
62,601c0004f8a80c12afbe1803,access1,25,3,8.333333333333334
63,601c0011f8a80c12afbe180d,access1,2,3,0.6666666666666666
64,601c0016f8a80c12afbe1810,access1,6,3,2.0
65,601c0028f8a80c12afbe1819,access1,2,3,0.6666666666666666
66,601c0036f8a80c12afbe1824,access1,3,3,1.0
67,601c003af8a80c12afbe1828,access1,42,3,14.0
68,601c005ef8a80c12afbe185c,access1,4,3,1.3333333333333333
69,601c005ff8a80c12afbe185f,access1,9,3,3.0
70,601c0063f8a80c12afbe1862,access1,1,3,0.3333333333333333
71,601c009bf8a80c12afbe1896,access1,2,3,0.6666666666666666
72,601c00b3f8a80c12afbe18a3,access1,7,3,2.3333333333333335
73,601c00e0f8a80c12afbe18d7,access1,4,3,1.3333333333333333
74,601c0102f8a80c12afbe18ed,access1,6,3,2.0
75,601c0119f8a80c12afbe1910,access1,3,3,1.0
76,601c0122f8a80c12afbe192a,access1,3,3,1.0
77,601c0130f8a80c12afbe193e,access1,1,3,0.3333333333333333
78,601c013cf8a80c12afbe1953,access1,149,3,49.666666666666664
79,601c0143f8a80c12afbe1959,access1,2,3,0.6666666666666666
80,601c014cf8a80c12afbe1961,access1,2,3,0.6666666666666666
81,601c0153f8a80c12afbe196c,access1,15,3,5.0
82,601c0172f8a80c12afbe19d1,access1,9,3,3.0
83,601c0175f8a80c12afbe19d7,access1,65,3,21.666666666666668
84,601c018df8a80c12afbe19f8,access1,14,3,4.666666666666667
85,601c019af8a80c12afbe1a13,access1,4,3,1.3333333333333333
86,601c01a9f8a80c12afbe1a26,access1,2,3,0.6666666666666666
87,601c0246f8a80c12afbe1b2d,access1,4,3,1.3333333333333333
88,601c025ef8a80c12afbe1b80,access1,1,3,0.3333333333333333
89,601c0284f8a80c12afbe1c4d,access1,49,3,16.333333333333332
90,601c02a8f8a80c12afbe1c99,access1,10,3,3.3333333333333335
91,601c02c4f8a80c12afbe1d5d,access1,2,3,0.6666666666666666
92,601c030cf8a80c12afbe1e3f,access1,93,3,31.0
93,601d6caaa6af0b0a8bd1badb,access1,4,3,1.3333333333333333
94,601f3546a6af0b0a8bd1e5fd,access1,1,3,0.3333333333333333
95,6027df88a6af0b0a8bd31fcc,access1,11,3,3.6666666666666665
96,602a3ccea6af0b0a8bd3716d,access1,12,3,4.0
97,602ee3d9a6af0b0a8bd3b607,access1,1,3,0.3333333333333333
98,602fae39a6af0b0a8bd3dbfc,access1,2,3,0.6666666666666666
99,60311173a6af0b0a8bd3ff53,access1,17,3,5.666666666666667
100,6032151aa6af0b0a8bd41497,access1,1,3,0.3333333333333333
101,603648baa6af0b0a8bd4631e,access1,4,3,1.3333333333333333
102,60390376a6af0b0a8bd49f38,access1,1,3,0.3333333333333333
103,603a8e8ba6af0b0a8bd4c64e,access1,4,3,1.3333333333333333
104,603d7455a6af0b0a8bd53507,access1,1,3,0.3333333333333333
105,604243eaba869b0aa718df97,access1,1,3,0.3333333333333333
106,604844e2ba869b0aa718e77a,access1,15,3,5.0
107,604c3e10ba869b0aa718f3e2,access1,1,3,0.3333333333333333
108,604c56b5ba869b0aa718f41e,access1,2,3,0.6666666666666666
109,604c8482ba869b0aa71912a0,access1,1,3,0.3333333333333333
110,604caa6fba869b0aa7193514,access1,13,3,4.333333333333333
111,604ccd32ba869b0aa71946ce,access1,5,3,1.6666666666666667
112,604ce667ba869b0aa7194ebe,access1,19,3,6.333333333333333
113,604cf57bba869b0aa719567b,access1,2,3,0.6666666666666666
114,604d966cba869b0aa7198348,access1,3,3,1.0
115,604da99bba869b0aa7198807,access1,44,3,14.666666666666666
116,604dad56ba869b0aa7198ae2,access1,2,3,0.6666666666666666
117,604db12eba869b0aa71990ab,access1,3,3,1.0
118,604de8b8ba869b0aa719e935,access1,6,3,2.0
119,604de995ba869b0aa719e9b1,access1,25,3,8.333333333333334
120,604de9d9ba869b0aa719e9b7,access1,4,3,1.3333333333333333
121,604df9aeba869b0aa719f15f,access1,122,3,40.666666666666664
122,604e0417ba869b0aa719f964,access1,38,3,12.666666666666666
123,604e2b01ba869b0aa71a1704,access1,38,3,12.666666666666666
124,604e435cba869b0aa71a277f,access1,1,3,0.3333333333333333
125,604eec79ba869b0aa71a5338,access1,1,3,0.3333333333333333
126,604ef140ba869b0aa71a5347,access1,38,3,12.666666666666666
127,604ef27aba869b0aa71a5380,access1,37,3,12.333333333333334
128,604f148cba869b0aa71a67f1,access1,1,3,0.3333333333333333
129,604f1c3aba869b0aa71a7500,access1,38,3,12.666666666666666
130,604f27f0ba869b0aa71a9210,access1,1,3,0.3333333333333333
131,604f4f18ba869b0aa71b0013,access1,47,3,15.666666666666666
132,604f797fba869b0aa71b3185,access1,3,3,1.0
133,604f7d21ba869b0aa71b32b9,access1,21,3,7.0
134,604f7eb8ba869b0aa71b3404,access1,15,3,5.0
135,605242a8ba869b0aa71b5e1f,access1,8,3,2.6666666666666665
136,60524f0dba869b0aa71b5e6b,access1,12,3,4.0
137,6055eb03ba869b0aa71b7cb7,access1,1,3,0.3333333333333333
138,60562767ba869b0aa71b8b17,access1,1,3,0.3333333333333333
139,60564ecbba869b0aa71b9627,access1,1,3,0.3333333333333333
140,6056cd01ba869b0aa71b9abb,access1,4,3,1.3333333333333333
141,60572242ba869b0aa71bd973,access1,2,3,0.6666666666666666
142,60574d71ba869b0aa71bea44,access1,1,3,0.3333333333333333
143,6057f3e1ba869b0aa71c057c,access1,5,3,1.6666666666666667
144,605a99a9ba869b0aa71c84b3,access1,4,3,1.3333333333333333
145,605b2cdaba869b0aa71c950f,access1,2,3,0.6666666666666666
146,605c4db5ba869b0aa71cde48,access1,25,3,8.333333333333334
147,605ed3a9ba869b0aa71d35cb,access1,3,3,1.0
148,605fe289ba869b0aa71d3e08,access1,3,3,1.0
149,6061e1d4ba869b0aa71d7caa,access1,9,3,3.0
150,6062263dba869b0aa71d7ef9,access1,2,3,0.6666666666666666
151,60631f96ba869b0aa71d8f4b,access1,38,3,12.666666666666666
152,60633ce7ba869b0aa71d92e4,access1,1,3,0.3333333333333333
153,60638ea0ba869b0aa71d9f95,access1,7,3,2.3333333333333335
154,60652e90ba869b0aa71df5e7,access1,1,3,0.3333333333333333
155,606970c9e1dff50acdb86754,access1,6,3,2.0
156,606a7e96e1dff50acdb88999,access1,9,3,3.0
157,606aef3ae1dff50acdb88a99,access1,4,3,1.3333333333333333
158,606b4911e1dff50acdb8983d,access1,6,3,2.0
159,606b7a47e1dff50acdb8ac03,access1,5,3,1.6666666666666667
160,607161e8e1dff50acdb9c3c2,access1,4,3,1.3333333333333333
161,607314dce1dff50acdb9d355,access1,6,3,2.0
162,6074c9b3e1dff50acdb9e161,access1,6,3,2.0
163,6078922ae1dff50acdba00e4,access1,1,3,0.3333333333333333
164,6079aa99e1dff50acdba0324,access1,5,3,1.6666666666666667
165,607c6535e1dff50acdba0b81,access1,15,3,5.0
166,607dbfe1e1dff50acdba14c9,access1,1,3,0.3333333333333333
167,6083ef86e1dff50acdba3e43,access1,1,3,0.3333333333333333
168,6088c26ce1dff50acdba476e,access1,1,3,0.3333333333333333
169,60891dd5e1dff50acdba4788,access1,1,3,0.3333333333333333
170,608c9d49e1dff50acdba4969,access1,1,3,0.3333333333333333
171,608d0830e1dff50acdba4a76,access1,1,3,0.3333333333333333
172,608d41b3e1dff50acdba68b2,access1,2,3,0.6666666666666666
173,6092d3e0e1dff50acdba9d03,access1,1,3,0.3333333333333333
174,6095cc43d35efd0ab8825574,access1,1,3,0.3333333333333333
175,6095cf81d35efd0ab88255cd,access1,7,3,2.3333333333333335
176,609d46f3d35efd0ab8825efd,access1,16,3,5.333333333333333
177,60a123d8d35efd0ab8826169,access1,1,3,0.3333333333333333
178,60b3f5a7d35efd0ab882739e,access1,2,3,0.6666666666666666
179,60106245db5b643e9ca0542f,access2,1,2,0.5
180,60114dc2db5b643e9ca054ed,access2,7,2,3.5
181,6014329e8a8fb97c0541f5d3,access2,1,2,0.5
182,60185e4ef8a80c12afba1014,access2,6,2,3.0
183,6018f3a9f8a80c12afba217e,access2,8,2,4.0
184,6018f3bcf8a80c12afba2189,access2,4,2,2.0
185,6018f410f8a80c12afba2194,access2,3,2,1.5
186,6018f44df8a80c12afba219c,access2,16,2,8.0
187,6018f495f8a80c12afba21aa,access2,9,2,4.5
188,6018f517f8a80c12afba21c8,access2,4,2,2.0
189,6018f5fff8a80c12afba2201,access2,2,2,1.0
190,6018f660f8a80c12afba2217,access2,4,2,2.0
191,6018f697f8a80c12afba2235,access2,13,2,6.5
192,6018f6f3f8a80c12afba2286,access2,64,2,32.0
193,6018f723f8a80c12afba2369,access2,1,2,0.5
194,6018f733f8a80c12afba2374,access2,18,2,9.0
195,6018f7b8f8a80c12afba2403,access2,1,2,0.5
196,6018f8bbf8a80c12afba253f,access2,2,2,1.0
197,6018f9d4f8a80c12afba2793,access2,10,2,5.0
198,6018fb66f8a80c12afba2a0e,access2,10,2,5.0
199,6018fd16f8a80c12afba2cd5,access2,4,2,2.0
200,6018fd31f8a80c12afba2cf5,access2,2,2,1.0
201,6018fe8ff8a80c12afba2fa8,access2,17,2,8.5
202,60190c05f8a80c12afba4a8f,access2,78,2,39.0
203,60191b2af8a80c12afba6602,access2,2,2,1.0
204,6019249ff8a80c12afba840b,access2,2,2,1.0
205,601924e3f8a80c12afba85d6,access2,3,2,1.5
206,601924edf8a80c12afba861d,access2,7,2,3.5
207,601924f2f8a80c12afba8654,access2,3,2,1.5
208,60192506f8a80c12afba8709,access2,14,2,7.0
209,6019252af8a80c12afba8755,access2,3,2,1.5
210,60192582f8a80c12afba892c,access2,12,2,6.0
211,601925c8f8a80c12afba89d6,access2,2,2,1.0
212,601925def8a80c12afba8a6a,access2,7,2,3.5
213,601925eff8a80c12afba8a91,access2,3,2,1.5
214,60192601f8a80c12afba8aa9,access2,3,2,1.5
215,60192610f8a80c12afba8ad7,access2,4,2,2.0
216,6019268bf8a80c12afba8d22,access2,3,2,1.5
217,601926a6f8a80c12afba8dda,access2,5,2,2.5
218,601926c6f8a80c12afba8eaa,access2,27,2,13.5
219,6019275ff8a80c12afba906a,access2,3,2,1.5
220,60192799f8a80c12afba9199,access2,2,2,1.0
221,601927c8f8a80c12afba9261,access2,9,2,4.5
222,601927d2f8a80c12afba9286,access2,3,2,1.5
223,601927dbf8a80c12afba9299,access2,5,2,2.5
224,6019281bf8a80c12afba93fa,access2,4,2,2.0
225,60192845f8a80c12afba9525,access2,4,2,2.0
226,601928eef8a80c12afba98e0,access2,25,2,12.5
227,60192904f8a80c12afba994e,access2,1,2,0.5
228,6019290ff8a80c12afba996f,access2,5,2,2.5
229,6019291bf8a80c12afba99cf,access2,20,2,10.0
230,60192a03f8a80c12afbaa059,access2,92,2,46.0
231,60192a0cf8a80c12afbaa0b1,access2,3,2,1.5
232,60192a78f8a80c12afbaa48e,access2,3,2,1.5
233,60193056f8a80c12afbad1c3,access2,3,2,1.5
234,60193331f8a80c12afbaedd5,access2,13,2,6.5
235,60193a1cf8a80c12afbb4284,access2,10,2,5.0
236,60194527f8a80c12afbba1bf,access2,4,2,2.0
237,60195993f8a80c12afbc0b90,access2,44,2,22.0
238,601963bff8a80c12afbc316c,access2,43,2,21.5
239,60196af9f8a80c12afbc4bac,access2,116,2,58.0
240,601a16cef8a80c12afbd712f,access2,1,2,0.5
241,601ad24ff8a80c12afbdde77,access2,34,2,17.0
242,601ba4acf8a80c12afbdee12,access2,2,2,1.0
243,601beec0f8a80c12afbe12ac,access2,5,2,2.5
244,601c0004f8a80c12afbe1803,access2,12,2,6.0
245,601c0011f8a80c12afbe180d,access2,2,2,1.0
246,601c0016f8a80c12afbe1810,access2,11,2,5.5
247,601c0028f8a80c12afbe1819,access2,4,2,2.0
248,601c003af8a80c12afbe1828,access2,8,2,4.0
249,601c005ef8a80c12afbe185c,access2,2,2,1.0
250,601c005ff8a80c12afbe185f,access2,2,2,1.0
251,601c0063f8a80c12afbe1862,access2,18,2,9.0
252,601c009bf8a80c12afbe1896,access2,2,2,1.0
253,601c00c4f8a80c12afbe18aa,access2,5,2,2.5
254,601c00e0f8a80c12afbe18d7,access2,2,2,1.0
255,601c0102f8a80c12afbe18ed,access2,5,2,2.5
256,601c0119f8a80c12afbe1910,access2,2,2,1.0
257,601c011ff8a80c12afbe1926,access2,1,2,0.5
258,601c0122f8a80c12afbe192a,access2,5,2,2.5
259,601c013cf8a80c12afbe1953,access2,7,2,3.5
260,601c0143f8a80c12afbe1959,access2,2,2,1.0
261,601c014cf8a80c12afbe1961,access2,4,2,2.0
262,601c014ef8a80c12afbe1964,access2,1,2,0.5
263,601c0153f8a80c12afbe196c,access2,4,2,2.0
264,601c0172f8a80c12afbe19d1,access2,1,2,0.5
265,601c018df8a80c12afbe19f8,access2,1,2,0.5
266,601c018ef8a80c12afbe19fe,access2,12,2,6.0
267,601c019af8a80c12afbe1a13,access2,3,2,1.5
268,601c01a9f8a80c12afbe1a26,access2,4,2,2.0
269,601c0246f8a80c12afbe1b2d,access2,2,2,1.0
270,601c025ef8a80c12afbe1b80,access2,1,2,0.5
271,601c0284f8a80c12afbe1c4d,access2,9,2,4.5
272,601c02a8f8a80c12afbe1c99,access2,21,2,10.5
273,601c02c4f8a80c12afbe1d5d,access2,52,2,26.0
274,601c030cf8a80c12afbe1e3f,access2,27,2,13.5
275,601d2755a6af0b0a8bd18def,access2,6,2,3.0
276,6027df88a6af0b0a8bd31fcc,access2,6,2,3.0
277,602a3ccea6af0b0a8bd3716d,access2,5,2,2.5
278,602eaa28a6af0b0a8bd3b5e2,access2,2,2,1.0
279,602ee3d9a6af0b0a8bd3b607,access2,3,2,1.5
280,602fae39a6af0b0a8bd3dbfc,access2,3,2,1.5
281,60311173a6af0b0a8bd3ff53,access2,2,2,1.0
282,6032151aa6af0b0a8bd41497,access2,2,2,1.0
283,603648baa6af0b0a8bd4631e,access2,2,2,1.0
284,60390376a6af0b0a8bd49f38,access2,1,2,0.5
285,603a8e8ba6af0b0a8bd4c64e,access2,3,2,1.5
286,604243eaba869b0aa718df97,access2,1,2,0.5
287,604844e2ba869b0aa718e77a,access2,3,2,1.5
288,604b6696ba869b0aa718f328,access2,1,2,0.5
289,604c56b5ba869b0aa718f41e,access2,1,2,0.5
290,604c8482ba869b0aa71912a0,access2,3,2,1.5
291,604caa6fba869b0aa7193514,access2,4,2,2.0
292,604ccd32ba869b0aa71946ce,access2,4,2,2.0
293,604ce667ba869b0aa7194ebe,access2,4,2,2.0
294,604cf57bba869b0aa719567b,access2,1,2,0.5
295,604d966cba869b0aa7198348,access2,4,2,2.0
296,604da99bba869b0aa7198807,access2,21,2,10.5
297,604dad56ba869b0aa7198ae2,access2,6,2,3.0
298,604db12eba869b0aa71990ab,access2,4,2,2.0
299,604dbbbdba869b0aa7199855,access2,3,2,1.5
300,604de8b8ba869b0aa719e935,access2,1,2,0.5
301,604de995ba869b0aa719e9b1,access2,3,2,1.5
302,604de9d9ba869b0aa719e9b7,access2,1,2,0.5
303,604df9aeba869b0aa719f15f,access2,6,2,3.0
304,604e0417ba869b0aa719f964,access2,3,2,1.5
305,604e2b01ba869b0aa71a1704,access2,7,2,3.5
306,604e435cba869b0aa71a277f,access2,2,2,1.0
307,604eec79ba869b0aa71a5338,access2,2,2,1.0
308,604ef140ba869b0aa71a5347,access2,29,2,14.5
309,604ef27aba869b0aa71a5380,access2,5,2,2.5
310,604f1c3aba869b0aa71a7500,access2,2,2,1.0
311,604f33b1ba869b0aa71ab0ed,access2,9,2,4.5
312,604f34bbba869b0aa71ab4c1,access2,3,2,1.5
313,604f4f18ba869b0aa71b0013,access2,12,2,6.0
314,604f7d21ba869b0aa71b32b9,access2,4,2,2.0
315,604f7eb8ba869b0aa71b3404,access2,2,2,1.0
316,605242a8ba869b0aa71b5e1f,access2,1,2,0.5
317,60524f0dba869b0aa71b5e6b,access2,64,2,32.0
318,6053b5b0ba869b0aa71b6b23,access2,1,2,0.5
319,60558397ba869b0aa71b7814,access2,1,2,0.5
320,6055eb03ba869b0aa71b7cb7,access2,1,2,0.5
321,6055fb2bba869b0aa71b8107,access2,3,2,1.5
322,60562767ba869b0aa71b8b17,access2,2,2,1.0
323,60562da9ba869b0aa71b8d9a,access2,9,2,4.5
324,6056499dba869b0aa71b93e0,access2,1,2,0.5
325,60565047ba869b0aa71b9648,access2,3,2,1.5
326,6056bc57ba869b0aa71b9923,access2,5,2,2.5
327,60572242ba869b0aa71bd973,access2,1,2,0.5
328,60574d71ba869b0aa71bea44,access2,4,2,2.0
329,6057f3e1ba869b0aa71c057c,access2,1,2,0.5
330,60584643ba869b0aa71c06b5,access2,13,2,6.5
331,6058a23dba869b0aa71c0ca0,access2,1,2,0.5
332,6059eacbba869b0aa71c6501,access2,6,2,3.0
333,605a5ca1ba869b0aa71c848f,access2,2,2,1.0
334,605a99a9ba869b0aa71c84b3,access2,5,2,2.5
335,605b2cdaba869b0aa71c950f,access2,3,2,1.5
336,605c4db5ba869b0aa71cde48,access2,4,2,2.0
337,605cdb29ba869b0aa71d1034,access2,2,2,1.0
338,605e8a70ba869b0aa71d31bc,access2,2,2,1.0
339,605ed3a9ba869b0aa71d35cb,access2,2,2,1.0
340,605fe289ba869b0aa71d3e08,access2,5,2,2.5
341,6061e1d4ba869b0aa71d7caa,access2,9,2,4.5
342,6062263dba869b0aa71d7ef9,access2,2,2,1.0
343,60633ce7ba869b0aa71d92e4,access2,6,2,3.0
344,60638ea0ba869b0aa71d9f95,access2,6,2,3.0
345,606a7e96e1dff50acdb88999,access2,2,2,1.0
346,606aef3ae1dff50acdb88a99,access2,1,2,0.5
347,606b7a47e1dff50acdb8ac03,access2,6,2,3.0
348,606bed1de1dff50acdb8e41b,access2,5,2,2.5
349,607161e8e1dff50acdb9c3c2,access2,2,2,1.0
350,607314dce1dff50acdb9d355,access2,2,2,1.0
351,6079aa99e1dff50acdba0324,access2,3,2,1.5
352,607c6535e1dff50acdba0b81,access2,1,2,0.5
353,607dbfe1e1dff50acdba14c9,access2,3,2,1.5
354,60891dd5e1dff50acdba4788,access2,2,2,1.0
355,608b230ce1dff50acdba48d3,access2,3,2,1.5
356,608d0830e1dff50acdba4a76,access2,1,2,0.5
357,608d41b3e1dff50acdba68b2,access2,3,2,1.5
358,6091ae07e1dff50acdba9730,access2,4,2,2.0
359,6092d3e0e1dff50acdba9d03,access2,1,2,0.5
360,6095cc43d35efd0ab8825574,access2,3,2,1.5
361,6099392ad35efd0ab8825886,access2,2,2,1.0
362,60a123d8d35efd0ab8826169,access2,11,2,5.5
363,60a91d26d35efd0ab882663d,access2,2,2,1.0
364,60ad2545d35efd0ab8826a9d,access2,1,2,0.5
365,60106245db5b643e9ca0542f,calculate1,3,2,1.5
366,6014329e8a8fb97c0541f5d3,calculate1,1,2,0.5
367,60185e4ef8a80c12afba1014,calculate1,3,2,1.5
368,6018f410f8a80c12afba2194,calculate1,11,2,5.5
369,6018f44df8a80c12afba219c,calculate1,3,2,1.5
370,6018f495f8a80c12afba21aa,calculate1,28,2,14.0
371,6018f517f8a80c12afba21c8,calculate1,3,2,1.5
372,6018f5fff8a80c12afba2201,calculate1,1,2,0.5
373,6018f660f8a80c12afba2217,calculate1,34,2,17.0
374,6018f6ebf8a80c12afba227b,calculate1,27,2,13.5
375,6018f6f3f8a80c12afba2286,calculate1,11,2,5.5
376,6018f733f8a80c12afba2374,calculate1,3,2,1.5
377,6018f8bbf8a80c12afba253f,calculate1,1,2,0.5
378,6018f9d4f8a80c12afba2793,calculate1,2,2,1.0
379,6018fb66f8a80c12afba2a0e,calculate1,15,2,7.5
380,6018fd16f8a80c12afba2cd5,calculate1,5,2,2.5
381,6018fd31f8a80c12afba2cf5,calculate1,6,2,3.0
382,6018fe8ff8a80c12afba2fa8,calculate1,4,2,2.0
383,60190c05f8a80c12afba4a8f,calculate1,67,2,33.5
384,60191b2af8a80c12afba6602,calculate1,1,2,0.5
385,601924e3f8a80c12afba85d6,calculate1,6,2,3.0
386,601924edf8a80c12afba861d,calculate1,6,2,3.0
387,601924f2f8a80c12afba8654,calculate1,2,2,1.0
388,60192506f8a80c12afba8709,calculate1,4,2,2.0
389,6019252af8a80c12afba8755,calculate1,2,2,1.0
390,601925eff8a80c12afba8a91,calculate1,2,2,1.0
391,60192610f8a80c12afba8ad7,calculate1,10,2,5.0
392,601926a6f8a80c12afba8dda,calculate1,2,2,1.0
393,601926c6f8a80c12afba8eaa,calculate1,4,2,2.0
394,6019275ff8a80c12afba906a,calculate1,5,2,2.5
395,60192799f8a80c12afba9199,calculate1,2,2,1.0
396,601927c8f8a80c12afba9261,calculate1,1,2,0.5
397,6019281bf8a80c12afba93fa,calculate1,1,2,0.5
398,60192845f8a80c12afba9525,calculate1,2,2,1.0
399,601928eef8a80c12afba98e0,calculate1,8,2,4.0
400,60192904f8a80c12afba994e,calculate1,7,2,3.5
401,6019290ff8a80c12afba996f,calculate1,2,2,1.0
402,6019291bf8a80c12afba99cf,calculate1,5,2,2.5
403,60192a03f8a80c12afbaa059,calculate1,13,2,6.5
404,60192a0cf8a80c12afbaa0b1,calculate1,10,2,5.0
405,60192a78f8a80c12afbaa48e,calculate1,2,2,1.0
406,60193a1cf8a80c12afbb4284,calculate1,1,2,0.5
407,60194527f8a80c12afbba1bf,calculate1,2,2,1.0
408,601963bff8a80c12afbc316c,calculate1,8,2,4.0
409,60196af9f8a80c12afbc4bac,calculate1,15,2,7.5
410,601a3a2ef8a80c12afbda079,calculate1,10,2,5.0
411,601a9107f8a80c12afbdcee7,calculate1,32,2,16.0
412,601ad24ff8a80c12afbdde77,calculate1,1,2,0.5
413,601beec0f8a80c12afbe12ac,calculate1,1,2,0.5
414,601c0004f8a80c12afbe1803,calculate1,4,2,2.0
415,601c0011f8a80c12afbe180d,calculate1,7,2,3.5
416,601c0028f8a80c12afbe1819,calculate1,4,2,2.0
417,601c003af8a80c12afbe1828,calculate1,10,2,5.0
418,601c005ff8a80c12afbe185f,calculate1,2,2,1.0
419,601c0063f8a80c12afbe1862,calculate1,1,2,0.5
420,601c009bf8a80c12afbe1896,calculate1,7,2,3.5
421,601c00c4f8a80c12afbe18aa,calculate1,1,2,0.5
422,601c00e0f8a80c12afbe18d7,calculate1,3,2,1.5
423,601c0102f8a80c12afbe18ed,calculate1,4,2,2.0
424,601c0119f8a80c12afbe1910,calculate1,1,2,0.5
425,601c0122f8a80c12afbe192a,calculate1,4,2,2.0
426,601c0125f8a80c12afbe192d,calculate1,2,2,1.0
427,601c0130f8a80c12afbe193e,calculate1,12,2,6.0
428,601c013cf8a80c12afbe1953,calculate1,4,2,2.0
429,601c0143f8a80c12afbe1959,calculate1,3,2,1.5
430,601c014cf8a80c12afbe1961,calculate1,4,2,2.0
431,601c014ef8a80c12afbe1964,calculate1,3,2,1.5
432,601c0153f8a80c12afbe196c,calculate1,2,2,1.0
433,601c0175f8a80c12afbe19d7,calculate1,51,2,25.5
434,601c018df8a80c12afbe19f8,calculate1,3,2,1.5
435,601c018ef8a80c12afbe19fe,calculate1,1,2,0.5
436,601c019af8a80c12afbe1a13,calculate1,4,2,2.0
437,601c01a9f8a80c12afbe1a26,calculate1,3,2,1.5
438,601c0284f8a80c12afbe1c4d,calculate1,38,2,19.0
439,601c02a8f8a80c12afbe1c99,calculate1,2,2,1.0
440,601c030cf8a80c12afbe1e3f,calculate1,54,2,27.0
441,601d2755a6af0b0a8bd18def,calculate1,2,2,1.0
442,601d6caaa6af0b0a8bd1badb,calculate1,2,2,1.0
443,601f3546a6af0b0a8bd1e5fd,calculate1,2,2,1.0
444,6021968ea6af0b0a8bd27418,calculate1,1,2,0.5
445,602956fda6af0b0a8bd34b4d,calculate1,2,2,1.0
446,602a3ccea6af0b0a8bd3716d,calculate1,5,2,2.5
447,602ee3d9a6af0b0a8bd3b607,calculate1,1,2,0.5
448,60311173a6af0b0a8bd3ff53,calculate1,3,2,1.5
449,6032151aa6af0b0a8bd41497,calculate1,3,2,1.5
450,603648baa6af0b0a8bd4631e,calculate1,10,2,5.0
451,60390376a6af0b0a8bd49f38,calculate1,3,2,1.5
452,603a8e8ba6af0b0a8bd4c64e,calculate1,5,2,2.5
453,603d7455a6af0b0a8bd53507,calculate1,1,2,0.5
454,604b6696ba869b0aa718f328,calculate1,3,2,1.5
455,604c3e10ba869b0aa718f3e2,calculate1,2,2,1.0
456,604c56b5ba869b0aa718f41e,calculate1,1,2,0.5
457,604ccd32ba869b0aa71946ce,calculate1,2,2,1.0
458,604ce667ba869b0aa7194ebe,calculate1,1,2,0.5
459,604cf57bba869b0aa719567b,calculate1,1,2,0.5
460,604da99bba869b0aa7198807,calculate1,25,2,12.5
461,604db12eba869b0aa71990ab,calculate1,2,2,1.0
462,604dbbbdba869b0aa7199855,calculate1,1,2,0.5
463,604de8b8ba869b0aa719e935,calculate1,4,2,2.0
464,604de9d9ba869b0aa719e9b7,calculate1,2,2,1.0
465,604df9aeba869b0aa719f15f,calculate1,11,2,5.5
466,604e0417ba869b0aa719f964,calculate1,6,2,3.0
467,604e2b01ba869b0aa71a1704,calculate1,35,2,17.5
468,604eec79ba869b0aa71a5338,calculate1,1,2,0.5
469,604ef140ba869b0aa71a5347,calculate1,15,2,7.5
470,604ef27aba869b0aa71a5380,calculate1,64,2,32.0
471,604f064eba869b0aa71a5d8d,calculate1,1,2,0.5
472,604f148cba869b0aa71a67f1,calculate1,2,2,1.0
473,604f1c3aba869b0aa71a7500,calculate1,3,2,1.5
474,604f27f0ba869b0aa71a9210,calculate1,1,2,0.5
475,604f33b1ba869b0aa71ab0ed,calculate1,1,2,0.5
476,604f4f18ba869b0aa71b0013,calculate1,13,2,6.5
477,604f797fba869b0aa71b3185,calculate1,1,2,0.5
478,604f7d21ba869b0aa71b32b9,calculate1,4,2,2.0
479,604f7eb8ba869b0aa71b3404,calculate1,3,2,1.5
480,6053b5b0ba869b0aa71b6b23,calculate1,1,2,0.5
481,6053b6beba869b0aa71b6b33,calculate1,2,2,1.0
482,60562767ba869b0aa71b8b17,calculate1,2,2,1.0
483,60562da9ba869b0aa71b8d9a,calculate1,1,2,0.5
484,60565047ba869b0aa71b9648,calculate1,3,2,1.5
485,6056cd01ba869b0aa71b9abb,calculate1,3,2,1.5
486,6056ec60ba869b0aa71ba26b,calculate1,4,2,2.0
487,60572242ba869b0aa71bd973,calculate1,3,2,1.5
488,60574d71ba869b0aa71bea44,calculate1,9,2,4.5
489,6057f3e1ba869b0aa71c057c,calculate1,3,2,1.5
490,60584643ba869b0aa71c06b5,calculate1,3,2,1.5
491,605a99a9ba869b0aa71c84b3,calculate1,1,2,0.5
492,605c4db5ba869b0aa71cde48,calculate1,3,2,1.5
493,605cdb29ba869b0aa71d1034,calculate1,1,2,0.5
494,605e8a70ba869b0aa71d31bc,calculate1,6,2,3.0
495,605fe289ba869b0aa71d3e08,calculate1,2,2,1.0
496,6061e1d4ba869b0aa71d7caa,calculate1,1,2,0.5
497,60631f96ba869b0aa71d8f4b,calculate1,12,2,6.0
498,60652e90ba869b0aa71df5e7,calculate1,11,2,5.5
499,6068cbbde1dff50acdb8585f,calculate1,1,2,0.5
500,606a7e96e1dff50acdb88999,calculate1,1,2,0.5
501,606aef3ae1dff50acdb88a99,calculate1,2,2,1.0
502,606b4911e1dff50acdb8983d,calculate1,4,2,2.0
503,606b7a47e1dff50acdb8ac03,calculate1,1,2,0.5
504,60705318e1dff50acdb9be8b,calculate1,1,2,0.5
505,6071c659e1dff50acdb9c446,calculate1,1,2,0.5
506,607314dce1dff50acdb9d355,calculate1,1,2,0.5
507,6079aa99e1dff50acdba0324,calculate1,1,2,0.5
508,607c6535e1dff50acdba0b81,calculate1,1,2,0.5
509,607dbfe1e1dff50acdba14c9,calculate1,2,2,1.0
510,60891dd5e1dff50acdba4788,calculate1,1,2,0.5
511,6095cc43d35efd0ab8825574,calculate1,4,2,2.0
512,6099392ad35efd0ab8825886,calculate1,2,2,1.0
513,60a123d8d35efd0ab8826169,calculate1,2,2,1.0
514,60a91d26d35efd0ab882663d,calculate1,2,2,1.0
515,60106245db5b643e9ca0542f,calculate2,1,2,0.5
516,60112d18db5b643e9ca05469,calculate2,5,2,2.5
517,601146dadb5b643e9ca054e5,calculate2,7,2,3.5
518,60114dc2db5b643e9ca054ed,calculate2,17,2,8.5
519,6014329e8a8fb97c0541f5d3,calculate2,1,2,0.5
520,601587f68a8fb97c0541f607,calculate2,3,2,1.5
521,60185e4ef8a80c12afba1014,calculate2,2,2,1.0
522,6018f3a9f8a80c12afba217e,calculate2,2,2,1.0
523,6018f3bcf8a80c12afba2189,calculate2,1,2,0.5
524,6018f410f8a80c12afba2194,calculate2,8,2,4.0
525,6018f44df8a80c12afba219c,calculate2,19,2,9.5
526,6018f495f8a80c12afba21aa,calculate2,5,2,2.5
527,6018f4bbf8a80c12afba21b3,calculate2,4,2,2.0
528,6018f517f8a80c12afba21c8,calculate2,2,2,1.0
529,6018f56af8a80c12afba21e0,calculate2,5,2,2.5
530,6018f5a0f8a80c12afba21ec,calculate2,1,2,0.5
531,6018f5fef8a80c12afba21ff,calculate2,1,2,0.5
532,6018f5fff8a80c12afba2201,calculate2,1,2,0.5
533,6018f660f8a80c12afba2217,calculate2,10,2,5.0
534,6018f697f8a80c12afba2235,calculate2,17,2,8.5
535,6018f6ebf8a80c12afba227b,calculate2,2,2,1.0
536,6018f6f3f8a80c12afba2286,calculate2,35,2,17.5
537,6018f723f8a80c12afba2369,calculate2,3,2,1.5
538,6018f733f8a80c12afba2374,calculate2,6,2,3.0
539,6018f7b8f8a80c12afba2403,calculate2,2,2,1.0
540,6018f8bbf8a80c12afba253f,calculate2,2,2,1.0
541,6018f9d4f8a80c12afba2793,calculate2,5,2,2.5
542,6018fb66f8a80c12afba2a0e,calculate2,85,2,42.5
543,6018fd16f8a80c12afba2cd5,calculate2,6,2,3.0
544,6018fd31f8a80c12afba2cf5,calculate2,6,2,3.0
545,6018fe8ff8a80c12afba2fa8,calculate2,41,2,20.5
546,60190c05f8a80c12afba4a8f,calculate2,9,2,4.5
547,60191b2af8a80c12afba6602,calculate2,9,2,4.5
548,601924e3f8a80c12afba85d6,calculate2,4,2,2.0
549,601924edf8a80c12afba861d,calculate2,2,2,1.0
550,60192506f8a80c12afba8709,calculate2,25,2,12.5
551,6019252af8a80c12afba8755,calculate2,2,2,1.0
552,60192582f8a80c12afba892c,calculate2,19,2,9.5
553,601925c8f8a80c12afba89d6,calculate2,2,2,1.0
554,601925def8a80c12afba8a6a,calculate2,1,2,0.5
555,601925eff8a80c12afba8a91,calculate2,3,2,1.5
556,60192601f8a80c12afba8aa9,calculate2,22,2,11.0
557,60192610f8a80c12afba8ad7,calculate2,9,2,4.5
558,6019268bf8a80c12afba8d22,calculate2,28,2,14.0
559,601926a6f8a80c12afba8dda,calculate2,2,2,1.0
560,601926c6f8a80c12afba8eaa,calculate2,3,2,1.5
561,6019275ff8a80c12afba906a,calculate2,2,2,1.0
562,60192799f8a80c12afba9199,calculate2,28,2,14.0
563,601927c8f8a80c12afba9261,calculate2,10,2,5.0
564,601927d2f8a80c12afba9286,calculate2,6,2,3.0
565,601927dbf8a80c12afba9299,calculate2,23,2,11.5
566,6019281bf8a80c12afba93fa,calculate2,8,2,4.0
567,60192845f8a80c12afba9525,calculate2,3,2,1.5
568,601928eef8a80c12afba98e0,calculate2,42,2,21.0
569,60192904f8a80c12afba994e,calculate2,31,2,15.5
570,6019290ff8a80c12afba996f,calculate2,4,2,2.0
571,6019291bf8a80c12afba99cf,calculate2,5,2,2.5
572,60192a03f8a80c12afbaa059,calculate2,95,2,47.5
573,60192a0cf8a80c12afbaa0b1,calculate2,10,2,5.0
574,60192a78f8a80c12afbaa48e,calculate2,2,2,1.0
575,60193331f8a80c12afbaedd5,calculate2,4,2,2.0
576,60193a1cf8a80c12afbb4284,calculate2,48,2,24.0
577,60194527f8a80c12afbba1bf,calculate2,7,2,3.5
578,601963bff8a80c12afbc316c,calculate2,3,2,1.5
579,60196af9f8a80c12afbc4bac,calculate2,4,2,2.0
580,601a16cef8a80c12afbd712f,calculate2,23,2,11.5
581,601a9107f8a80c12afbdcee7,calculate2,81,2,40.5
582,601ad24ff8a80c12afbdde77,calculate2,17,2,8.5
583,601ba4acf8a80c12afbdee12,calculate2,30,2,15.0
584,601beec0f8a80c12afbe12ac,calculate2,2,2,1.0
585,601c0004f8a80c12afbe1803,calculate2,32,2,16.0
586,601c0011f8a80c12afbe180d,calculate2,1,2,0.5
587,601c0016f8a80c12afbe1810,calculate2,73,2,36.5
588,601c0028f8a80c12afbe1819,calculate2,2,2,1.0
589,601c0036f8a80c12afbe1824,calculate2,1,2,0.5
590,601c003af8a80c12afbe1828,calculate2,2,2,1.0
591,601c005ef8a80c12afbe185c,calculate2,2,2,1.0
592,601c005ff8a80c12afbe185f,calculate2,19,2,9.5
593,601c0063f8a80c12afbe1862,calculate2,4,2,2.0
594,601c009bf8a80c12afbe1896,calculate2,17,2,8.5
595,601c00b3f8a80c12afbe18a3,calculate2,2,2,1.0
596,601c00c4f8a80c12afbe18aa,calculate2,11,2,5.5
597,601c00e0f8a80c12afbe18d7,calculate2,1,2,0.5
598,601c0102f8a80c12afbe18ed,calculate2,5,2,2.5
599,601c0119f8a80c12afbe1910,calculate2,2,2,1.0
600,601c011ff8a80c12afbe1926,calculate2,5,2,2.5
601,601c0122f8a80c12afbe192a,calculate2,3,2,1.5
602,601c0125f8a80c12afbe192d,calculate2,2,2,1.0
603,601c0130f8a80c12afbe193e,calculate2,2,2,1.0
604,601c0143f8a80c12afbe1959,calculate2,3,2,1.5
605,601c014cf8a80c12afbe1961,calculate2,1,2,0.5
606,601c014ef8a80c12afbe1964,calculate2,2,2,1.0
607,601c0153f8a80c12afbe196c,calculate2,8,2,4.0
608,601c0172f8a80c12afbe19d1,calculate2,7,2,3.5
609,601c0175f8a80c12afbe19d7,calculate2,32,2,16.0
610,601c018df8a80c12afbe19f8,calculate2,11,2,5.5
611,601c018ef8a80c12afbe19fe,calculate2,2,2,1.0
612,601c019af8a80c12afbe1a13,calculate2,3,2,1.5
613,601c01a9f8a80c12afbe1a26,calculate2,3,2,1.5
614,601c0246f8a80c12afbe1b2d,calculate2,2,2,1.0
615,601c025ef8a80c12afbe1b80,calculate2,2,2,1.0
616,601c0284f8a80c12afbe1c4d,calculate2,22,2,11.0
617,601c02a8f8a80c12afbe1c99,calculate2,4,2,2.0
618,601c02c4f8a80c12afbe1d5d,calculate2,7,2,3.5
619,601c030cf8a80c12afbe1e3f,calculate2,50,2,25.0
620,601d2755a6af0b0a8bd18def,calculate2,12,2,6.0
621,601d6caaa6af0b0a8bd1badb,calculate2,2,2,1.0
622,601f3546a6af0b0a8bd1e5fd,calculate2,1,2,0.5
623,6021968ea6af0b0a8bd27418,calculate2,1,2,0.5
624,602a3ccea6af0b0a8bd3716d,calculate2,22,2,11.0
625,602eaa28a6af0b0a8bd3b5e2,calculate2,6,2,3.0
626,602ee3d9a6af0b0a8bd3b607,calculate2,1,2,0.5
627,60311173a6af0b0a8bd3ff53,calculate2,3,2,1.5
628,6032151aa6af0b0a8bd41497,calculate2,2,2,1.0
629,603648baa6af0b0a8bd4631e,calculate2,13,2,6.5
630,603a8e8ba6af0b0a8bd4c64e,calculate2,5,2,2.5
631,603d7455a6af0b0a8bd53507,calculate2,7,2,3.5
632,604844e2ba869b0aa718e77a,calculate2,6,2,3.0
633,604b6696ba869b0aa718f328,calculate2,12,2,6.0
634,604ba23eba869b0aa718f3ad,calculate2,1,2,0.5
635,604c3e10ba869b0aa718f3e2,calculate2,8,2,4.0
636,604c56b5ba869b0aa718f41e,calculate2,3,2,1.5
637,604c8482ba869b0aa71912a0,calculate2,10,2,5.0
638,604caa6fba869b0aa7193514,calculate2,4,2,2.0
639,604ce667ba869b0aa7194ebe,calculate2,3,2,1.5
640,604cf57bba869b0aa719567b,calculate2,35,2,17.5
641,604d966cba869b0aa7198348,calculate2,2,2,1.0
642,604da99bba869b0aa7198807,calculate2,4,2,2.0
643,604dad56ba869b0aa7198ae2,calculate2,2,2,1.0
644,604db12eba869b0aa71990ab,calculate2,8,2,4.0
645,604de8b8ba869b0aa719e935,calculate2,2,2,1.0
646,604de995ba869b0aa719e9b1,calculate2,2,2,1.0
647,604de9d9ba869b0aa719e9b7,calculate2,19,2,9.5
648,604df9aeba869b0aa719f15f,calculate2,2,2,1.0
649,604e0417ba869b0aa719f964,calculate2,3,2,1.5
650,604e2b01ba869b0aa71a1704,calculate2,4,2,2.0
651,604e435cba869b0aa71a277f,calculate2,2,2,1.0
652,604eec79ba869b0aa71a5338,calculate2,3,2,1.5
653,604ef140ba869b0aa71a5347,calculate2,48,2,24.0
654,604ef27aba869b0aa71a5380,calculate2,28,2,14.0
655,604f064eba869b0aa71a5d8d,calculate2,2,2,1.0
656,604f148cba869b0aa71a67f1,calculate2,3,2,1.5
657,604f1c3aba869b0aa71a7500,calculate2,4,2,2.0
658,604f27f0ba869b0aa71a9210,calculate2,5,2,2.5
659,604f33b1ba869b0aa71ab0ed,calculate2,2,2,1.0
660,604f34bbba869b0aa71ab4c1,calculate2,2,2,1.0
661,604f4f18ba869b0aa71b0013,calculate2,4,2,2.0
662,604f797fba869b0aa71b3185,calculate2,6,2,3.0
663,604f7d21ba869b0aa71b32b9,calculate2,5,2,2.5
664,604f7eb8ba869b0aa71b3404,calculate2,3,2,1.5
665,60524f0dba869b0aa71b5e6b,calculate2,48,2,24.0
666,6053b5b0ba869b0aa71b6b23,calculate2,1,2,0.5
667,60558397ba869b0aa71b7814,calculate2,1,2,0.5
668,6055886bba869b0aa71b785a,calculate2,3,2,1.5
669,6055eb03ba869b0aa71b7cb7,calculate2,3,2,1.5
670,6055fb2bba869b0aa71b8107,calculate2,1,2,0.5
671,60562767ba869b0aa71b8b17,calculate2,4,2,2.0
672,6056499dba869b0aa71b93e0,calculate2,2,2,1.0
673,60564ecbba869b0aa71b9627,calculate2,4,2,2.0
674,60565047ba869b0aa71b9648,calculate2,2,2,1.0
675,6056bc57ba869b0aa71b9923,calculate2,2,2,1.0
676,6056cd01ba869b0aa71b9abb,calculate2,3,2,1.5
677,6056ec60ba869b0aa71ba26b,calculate2,2,2,1.0
678,60572242ba869b0aa71bd973,calculate2,1,2,0.5
679,60574d71ba869b0aa71bea44,calculate2,1,2,0.5
680,6057f3e1ba869b0aa71c057c,calculate2,6,2,3.0
681,60584643ba869b0aa71c06b5,calculate2,3,2,1.5
682,6058a23dba869b0aa71c0ca0,calculate2,4,2,2.0
683,6059eacbba869b0aa71c6501,calculate2,13,2,6.5
684,605a5ca1ba869b0aa71c848f,calculate2,1,2,0.5
685,605a99a9ba869b0aa71c84b3,calculate2,4,2,2.0
686,605b2cdaba869b0aa71c950f,calculate2,1,2,0.5
687,605c4db5ba869b0aa71cde48,calculate2,8,2,4.0
688,605cdb29ba869b0aa71d1034,calculate2,1,2,0.5
689,605e8a70ba869b0aa71d31bc,calculate2,2,2,1.0
690,605fe289ba869b0aa71d3e08,calculate2,2,2,1.0
691,6061e1d4ba869b0aa71d7caa,calculate2,5,2,2.5
692,6062263dba869b0aa71d7ef9,calculate2,1,2,0.5
693,60631f96ba869b0aa71d8f4b,calculate2,35,2,17.5
694,60633ce7ba869b0aa71d92e4,calculate2,30,2,15.0
695,60638ea0ba869b0aa71d9f95,calculate2,5,2,2.5
696,60652e90ba869b0aa71df5e7,calculate2,5,2,2.5
697,6068cbbde1dff50acdb8585f,calculate2,1,2,0.5
698,606a7e96e1dff50acdb88999,calculate2,2,2,1.0
699,606aef3ae1dff50acdb88a99,calculate2,4,2,2.0
700,606b4911e1dff50acdb8983d,calculate2,5,2,2.5
701,606b7a47e1dff50acdb8ac03,calculate2,1,2,0.5
702,60705318e1dff50acdb9be8b,calculate2,7,2,3.5
703,607161e8e1dff50acdb9c3c2,calculate2,3,2,1.5
704,6071c659e1dff50acdb9c446,calculate2,2,2,1.0
705,60754804e1dff50acdb9e264,calculate2,5,2,2.5
706,6078922ae1dff50acdba00e4,calculate2,1,2,0.5
707,6079aa99e1dff50acdba0324,calculate2,2,2,1.0
708,607c6535e1dff50acdba0b81,calculate2,3,2,1.5
709,60891dd5e1dff50acdba4788,calculate2,11,2,5.5
710,608c9d49e1dff50acdba4969,calculate2,11,2,5.5
711,608d0830e1dff50acdba4a76,calculate2,7,2,3.5
712,6091ae07e1dff50acdba9730,calculate2,5,2,2.5
713,6092d3e0e1dff50acdba9d03,calculate2,4,2,2.0
714,6095cc43d35efd0ab8825574,calculate2,2,2,1.0
715,6099392ad35efd0ab8825886,calculate2,2,2,1.0
716,60a123d8d35efd0ab8826169,calculate2,4,2,2.0
717,60a91d26d35efd0ab882663d,calculate2,6,2,3.0
718,60106245db5b643e9ca0542f,combine1,4,2,2.0
719,60112d18db5b643e9ca05469,combine1,1,2,0.5
720,601146dadb5b643e9ca054e5,combine1,2,2,1.0
721,60114dc2db5b643e9ca054ed,combine1,2,2,1.0
722,601587f68a8fb97c0541f607,combine1,2,2,1.0
723,6018f3a9f8a80c12afba217e,combine1,6,2,3.0
724,6018f410f8a80c12afba2194,combine1,4,2,2.0
725,6018f44df8a80c12afba219c,combine1,4,2,2.0
726,6018f495f8a80c12afba21aa,combine1,5,2,2.5
727,6018f517f8a80c12afba21c8,combine1,8,2,4.0
728,6018f56af8a80c12afba21e0,combine1,2,2,1.0
729,6018f5fef8a80c12afba21ff,combine1,2,2,1.0
730,6018f660f8a80c12afba2217,combine1,22,2,11.0
731,6018f697f8a80c12afba2235,combine1,1,2,0.5
732,6018f6ebf8a80c12afba227b,combine1,13,2,6.5
733,6018f6f3f8a80c12afba2286,combine1,8,2,4.0
734,6018f723f8a80c12afba2369,combine1,3,2,1.5
735,6018f733f8a80c12afba2374,combine1,7,2,3.5
736,6018f7b8f8a80c12afba2403,combine1,2,2,1.0
737,6018f8bbf8a80c12afba253f,combine1,4,2,2.0
738,6018f9d4f8a80c12afba2793,combine1,7,2,3.5
739,6018fb66f8a80c12afba2a0e,combine1,73,2,36.5
740,6018fd16f8a80c12afba2cd5,combine1,6,2,3.0
741,6018fd31f8a80c12afba2cf5,combine1,3,2,1.5
742,6018fe8ff8a80c12afba2fa8,combine1,26,2,13.0
743,60190373f8a80c12afba3a90,combine1,3,2,1.5
744,60190c05f8a80c12afba4a8f,combine1,111,2,55.5
745,60191b2af8a80c12afba6602,combine1,3,2,1.5
746,601924e3f8a80c12afba85d6,combine1,15,2,7.5
747,601924edf8a80c12afba861d,combine1,2,2,1.0
748,60192506f8a80c12afba8709,combine1,19,2,9.5
749,6019252af8a80c12afba8755,combine1,10,2,5.0
750,60192582f8a80c12afba892c,combine1,2,2,1.0
751,601925c8f8a80c12afba89d6,combine1,2,2,1.0
752,601925def8a80c12afba8a6a,combine1,3,2,1.5
753,601925eff8a80c12afba8a91,combine1,3,2,1.5
754,60192601f8a80c12afba8aa9,combine1,2,2,1.0
755,60192610f8a80c12afba8ad7,combine1,11,2,5.5
756,6019268bf8a80c12afba8d22,combine1,1,2,0.5
757,601926a6f8a80c12afba8dda,combine1,2,2,1.0
758,6019275ff8a80c12afba906a,combine1,19,2,9.5
759,60192799f8a80c12afba9199,combine1,2,2,1.0
760,601927c8f8a80c12afba9261,combine1,3,2,1.5
761,601927cbf8a80c12afba9277,combine1,2,2,1.0
762,601927dbf8a80c12afba9299,combine1,8,2,4.0
763,6019281bf8a80c12afba93fa,combine1,3,2,1.5
764,60192845f8a80c12afba9525,combine1,1,2,0.5
765,601928dff8a80c12afba988d,combine1,1,2,0.5
766,601928eef8a80c12afba98e0,combine1,25,2,12.5
767,6019290ff8a80c12afba996f,combine1,6,2,3.0
768,6019291bf8a80c12afba99cf,combine1,13,2,6.5
769,60192a03f8a80c12afbaa059,combine1,17,2,8.5
770,60192a78f8a80c12afbaa48e,combine1,6,2,3.0
771,60193331f8a80c12afbaedd5,combine1,4,2,2.0
772,60193a1cf8a80c12afbb4284,combine1,3,2,1.5
773,60194527f8a80c12afbba1bf,combine1,2,2,1.0
774,601963bff8a80c12afbc316c,combine1,4,2,2.0
775,60196af9f8a80c12afbc4bac,combine1,8,2,4.0
776,601a16cef8a80c12afbd712f,combine1,57,2,28.5
777,601a3a2ef8a80c12afbda079,combine1,7,2,3.5
778,601a9107f8a80c12afbdcee7,combine1,3,2,1.5
779,601ad24ff8a80c12afbdde77,combine1,7,2,3.5
780,601ba4acf8a80c12afbdee12,combine1,5,2,2.5
781,601beec0f8a80c12afbe12ac,combine1,4,2,2.0
782,601c0004f8a80c12afbe1803,combine1,1,2,0.5
783,601c0011f8a80c12afbe180d,combine1,1,2,0.5
784,601c0016f8a80c12afbe1810,combine1,17,2,8.5
785,601c0028f8a80c12afbe1819,combine1,3,2,1.5
786,601c003af8a80c12afbe1828,combine1,2,2,1.0
787,601c005ef8a80c12afbe185c,combine1,1,2,0.5
788,601c005ff8a80c12afbe185f,combine1,11,2,5.5
789,601c0063f8a80c12afbe1862,combine1,5,2,2.5
790,601c009bf8a80c12afbe1896,combine1,1,2,0.5
791,601c00b3f8a80c12afbe18a3,combine1,2,2,1.0
792,601c00e0f8a80c12afbe18d7,combine1,2,2,1.0
793,601c0102f8a80c12afbe18ed,combine1,3,2,1.5
794,601c0119f8a80c12afbe1910,combine1,4,2,2.0
795,601c0122f8a80c12afbe192a,combine1,4,2,2.0
796,601c0125f8a80c12afbe192d,combine1,1,2,0.5
797,601c0130f8a80c12afbe193e,combine1,2,2,1.0
798,601c013cf8a80c12afbe1953,combine1,14,2,7.0
799,601c0143f8a80c12afbe1959,combine1,2,2,1.0
800,601c014cf8a80c12afbe1961,combine1,1,2,0.5
801,601c014ef8a80c12afbe1964,combine1,4,2,2.0
802,601c0153f8a80c12afbe196c,combine1,60,2,30.0
803,601c0172f8a80c12afbe19d1,combine1,12,2,6.0
804,601c0175f8a80c12afbe19d7,combine1,9,2,4.5
805,601c018df8a80c12afbe19f8,combine1,2,2,1.0
806,601c018ef8a80c12afbe19fe,combine1,2,2,1.0
807,601c019af8a80c12afbe1a13,combine1,1,2,0.5
808,601c01a9f8a80c12afbe1a26,combine1,5,2,2.5
809,601c0246f8a80c12afbe1b2d,combine1,3,2,1.5
810,601c025ef8a80c12afbe1b80,combine1,1,2,0.5
811,601c0284f8a80c12afbe1c4d,combine1,12,2,6.0
812,601c02a8f8a80c12afbe1c99,combine1,6,2,3.0
813,601c02c4f8a80c12afbe1d5d,combine1,3,2,1.5
814,601c030cf8a80c12afbe1e3f,combine1,24,2,12.0
815,601d2755a6af0b0a8bd18def,combine1,5,2,2.5
816,601d6caaa6af0b0a8bd1badb,combine1,3,2,1.5
817,6021968ea6af0b0a8bd27418,combine1,1,2,0.5
818,602956fda6af0b0a8bd34b4d,combine1,6,2,3.0
819,602a3ccea6af0b0a8bd3716d,combine1,5,2,2.5
820,602ee3d9a6af0b0a8bd3b607,combine1,1,2,0.5
821,60311173a6af0b0a8bd3ff53,combine1,3,2,1.5
822,603648baa6af0b0a8bd4631e,combine1,1,2,0.5
823,60390376a6af0b0a8bd49f38,combine1,3,2,1.5
824,603a8e8ba6af0b0a8bd4c64e,combine1,4,2,2.0
825,604b6696ba869b0aa718f328,combine1,1,2,0.5
826,604ba23eba869b0aa718f3ad,combine1,1,2,0.5
827,604c3e10ba869b0aa718f3e2,combine1,15,2,7.5
828,604c56b5ba869b0aa718f41e,combine1,5,2,2.5
829,604c8482ba869b0aa71912a0,combine1,2,2,1.0
830,604caa6fba869b0aa7193514,combine1,1,2,0.5
831,604ce667ba869b0aa7194ebe,combine1,3,2,1.5
832,604d966cba869b0aa7198348,combine1,2,2,1.0
833,604da99bba869b0aa7198807,combine1,19,2,9.5
834,604dad56ba869b0aa7198ae2,combine1,2,2,1.0
835,604de8b8ba869b0aa719e935,combine1,3,2,1.5
836,604de995ba869b0aa719e9b1,combine1,3,2,1.5
837,604de9d9ba869b0aa719e9b7,combine1,5,2,2.5
838,604df9aeba869b0aa719f15f,combine1,2,2,1.0
839,604e0417ba869b0aa719f964,combine1,13,2,6.5
840,604e2b01ba869b0aa71a1704,combine1,8,2,4.0
841,604e435cba869b0aa71a277f,combine1,3,2,1.5
842,604eec79ba869b0aa71a5338,combine1,2,2,1.0
843,604ef140ba869b0aa71a5347,combine1,12,2,6.0
844,604ef27aba869b0aa71a5380,combine1,10,2,5.0
845,604f148cba869b0aa71a67f1,combine1,1,2,0.5
846,604f1c3aba869b0aa71a7500,combine1,5,2,2.5
847,604f27f0ba869b0aa71a9210,combine1,1,2,0.5
848,604f33b1ba869b0aa71ab0ed,combine1,3,2,1.5
849,604f34bbba869b0aa71ab4c1,combine1,21,2,10.5
850,604f4f18ba869b0aa71b0013,combine1,8,2,4.0
851,604f797fba869b0aa71b3185,combine1,3,2,1.5
852,604f7d21ba869b0aa71b32b9,combine1,7,2,3.5
853,604f7eb8ba869b0aa71b3404,combine1,14,2,7.0
854,6051d189ba869b0aa71b5abf,combine1,2,2,1.0
855,60524f0dba869b0aa71b5e6b,combine1,21,2,10.5
856,60558397ba869b0aa71b7814,combine1,1,2,0.5
857,6055886bba869b0aa71b785a,combine1,6,2,3.0
858,60562da9ba869b0aa71b8d9a,combine1,1,2,0.5
859,6056499dba869b0aa71b93e0,combine1,2,2,1.0
860,60564ecbba869b0aa71b9627,combine1,3,2,1.5
861,60565047ba869b0aa71b9648,combine1,2,2,1.0
862,6056bc57ba869b0aa71b9923,combine1,4,2,2.0
863,6056cd01ba869b0aa71b9abb,combine1,1,2,0.5
864,6056ec60ba869b0aa71ba26b,combine1,1,2,0.5
865,60574d71ba869b0aa71bea44,combine1,4,2,2.0
866,60584643ba869b0aa71c06b5,combine1,2,2,1.0
867,6058a23dba869b0aa71c0ca0,combine1,1,2,0.5
868,6059eacbba869b0aa71c6501,combine1,8,2,4.0
869,605a5ca1ba869b0aa71c848f,combine1,3,2,1.5
870,605a99a9ba869b0aa71c84b3,combine1,3,2,1.5
871,605b2cdaba869b0aa71c950f,combine1,1,2,0.5
872,605c4db5ba869b0aa71cde48,combine1,5,2,2.5
873,605e8a70ba869b0aa71d31bc,combine1,1,2,0.5
874,605fe289ba869b0aa71d3e08,combine1,2,2,1.0
875,6061e1d4ba869b0aa71d7caa,combine1,8,2,4.0
876,6062263dba869b0aa71d7ef9,combine1,5,2,2.5
877,60631f96ba869b0aa71d8f4b,combine1,3,2,1.5
878,60633ce7ba869b0aa71d92e4,combine1,2,2,1.0
879,60652e90ba869b0aa71df5e7,combine1,1,2,0.5
880,6066401aba869b0aa71e11dd,combine1,2,2,1.0
881,606a7e96e1dff50acdb88999,combine1,30,2,15.0
882,606aef3ae1dff50acdb88a99,combine1,2,2,1.0
883,606b4911e1dff50acdb8983d,combine1,2,2,1.0
884,606b527ae1dff50acdb89cc1,combine1,1,2,0.5
885,606b7a47e1dff50acdb8ac03,combine1,2,2,1.0
886,607314dce1dff50acdb9d355,combine1,1,2,0.5
887,60754804e1dff50acdb9e264,combine1,4,2,2.0
888,6078922ae1dff50acdba00e4,combine1,2,2,1.0
889,607c6535e1dff50acdba0b81,combine1,4,2,2.0
890,608d0830e1dff50acdba4a76,combine1,2,2,1.0
891,6092d3e0e1dff50acdba9d03,combine1,2,2,1.0
892,6099392ad35efd0ab8825886,combine1,6,2,3.0
893,60a91d26d35efd0ab882663d,combine1,6,2,3.0
894,60b3f5a7d35efd0ab882739e,combine1,2,2,1.0
895,60106245db5b643e9ca0542f,create1,1,3,0.3333333333333333
896,601275c1db5b643e9ca060b4,create1,6,3,2.0
897,60129cbddb5b643e9ca06877,create1,2,3,0.6666666666666666
898,6014329e8a8fb97c0541f5d3,create1,1,3,0.3333333333333333
899,601587f68a8fb97c0541f607,create1,2,3,0.6666666666666666
900,60185e4ef8a80c12afba1014,create1,1,3,0.3333333333333333
901,6018f3a9f8a80c12afba217e,create1,5,3,1.6666666666666667
902,6018f410f8a80c12afba2194,create1,5,3,1.6666666666666667
903,6018f44df8a80c12afba219c,create1,1,3,0.3333333333333333
904,6018f495f8a80c12afba21aa,create1,8,3,2.6666666666666665
905,6018f517f8a80c12afba21c8,create1,4,3,1.3333333333333333
906,6018f5a0f8a80c12afba21ec,create1,12,3,4.0
907,6018f5fff8a80c12afba2201,create1,2,3,0.6666666666666666
908,6018f660f8a80c12afba2217,create1,15,3,5.0
909,6018f6ebf8a80c12afba227b,create1,1,3,0.3333333333333333
910,6018f6f3f8a80c12afba2286,create1,18,3,6.0
911,6018f733f8a80c12afba2374,create1,9,3,3.0
912,6018f9d4f8a80c12afba2793,create1,11,3,3.6666666666666665
913,6018fb66f8a80c12afba2a0e,create1,96,3,32.0
914,6018fd16f8a80c12afba2cd5,create1,14,3,4.666666666666667
915,6018fd31f8a80c12afba2cf5,create1,7,3,2.3333333333333335
916,6018fe8ff8a80c12afba2fa8,create1,12,3,4.0
917,60190c05f8a80c12afba4a8f,create1,9,3,3.0
918,601924e3f8a80c12afba85d6,create1,10,3,3.3333333333333335
919,601924edf8a80c12afba861d,create1,4,3,1.3333333333333333
920,601924f2f8a80c12afba8654,create1,13,3,4.333333333333333
921,60192506f8a80c12afba8709,create1,17,3,5.666666666666667
922,6019252af8a80c12afba8755,create1,2,3,0.6666666666666666
923,60192582f8a80c12afba892c,create1,3,3,1.0
924,601925c8f8a80c12afba89d6,create1,2,3,0.6666666666666666
925,601925eff8a80c12afba8a91,create1,4,3,1.3333333333333333
926,60192601f8a80c12afba8aa9,create1,11,3,3.6666666666666665
927,60192610f8a80c12afba8ad7,create1,6,3,2.0
928,601926c6f8a80c12afba8eaa,create1,5,3,1.6666666666666667
929,6019275ff8a80c12afba906a,create1,10,3,3.3333333333333335
930,60192799f8a80c12afba9199,create1,1,3,0.3333333333333333
931,601927d2f8a80c12afba9286,create1,9,3,3.0
932,601927dbf8a80c12afba9299,create1,1,3,0.3333333333333333
933,60192845f8a80c12afba9525,create1,3,3,1.0
934,601928eef8a80c12afba98e0,create1,8,3,2.6666666666666665
935,60192904f8a80c12afba994e,create1,6,3,2.0
936,6019290ff8a80c12afba996f,create1,11,3,3.6666666666666665
937,60192a03f8a80c12afbaa059,create1,10,3,3.3333333333333335
938,60192a78f8a80c12afbaa48e,create1,4,3,1.3333333333333333
939,60193056f8a80c12afbad1c3,create1,3,3,1.0
940,60193331f8a80c12afbaedd5,create1,1,3,0.3333333333333333
941,60193a1cf8a80c12afbb4284,create1,2,3,0.6666666666666666
942,60194527f8a80c12afbba1bf,create1,3,3,1.0
943,60195993f8a80c12afbc0b90,create1,2,3,0.6666666666666666
944,60195e7df8a80c12afbc1d74,create1,18,3,6.0
945,601963bff8a80c12afbc316c,create1,1,3,0.3333333333333333
946,60196af9f8a80c12afbc4bac,create1,2,3,0.6666666666666666
947,601a16cef8a80c12afbd712f,create1,6,3,2.0
948,601a3a2ef8a80c12afbda079,create1,5,3,1.6666666666666667
949,601a9107f8a80c12afbdcee7,create1,4,3,1.3333333333333333
950,601ab97df8a80c12afbddd65,create1,1,3,0.3333333333333333
951,601ad24ff8a80c12afbdde77,create1,4,3,1.3333333333333333
952,601b75cbf8a80c12afbde5a5,create1,9,3,3.0
953,601c0004f8a80c12afbe1803,create1,14,3,4.666666666666667
954,601c0011f8a80c12afbe180d,create1,4,3,1.3333333333333333
955,601c0016f8a80c12afbe1810,create1,7,3,2.3333333333333335
956,601c003af8a80c12afbe1828,create1,6,3,2.0
957,601c005ff8a80c12afbe185f,create1,3,3,1.0
958,601c009bf8a80c12afbe1896,create1,3,3,1.0
959,601c00b3f8a80c12afbe18a3,create1,1,3,0.3333333333333333
960,601c00c4f8a80c12afbe18aa,create1,1,3,0.3333333333333333
961,601c0119f8a80c12afbe1910,create1,2,3,0.6666666666666666
962,601c0122f8a80c12afbe192a,create1,5,3,1.6666666666666667
963,601c0125f8a80c12afbe192d,create1,8,3,2.6666666666666665
964,601c0130f8a80c12afbe193e,create1,3,3,1.0
965,601c013cf8a80c12afbe1953,create1,5,3,1.6666666666666667
966,601c0143f8a80c12afbe1959,create1,1,3,0.3333333333333333
967,601c014cf8a80c12afbe1961,create1,4,3,1.3333333333333333
968,601c014ef8a80c12afbe1964,create1,10,3,3.3333333333333335
969,601c0153f8a80c12afbe196c,create1,2,3,0.6666666666666666
970,601c0175f8a80c12afbe19d7,create1,98,3,32.666666666666664
971,601c018df8a80c12afbe19f8,create1,8,3,2.6666666666666665
972,601c018ef8a80c12afbe19fe,create1,6,3,2.0
973,601c019af8a80c12afbe1a13,create1,16,3,5.333333333333333
974,601c01a9f8a80c12afbe1a26,create1,13,3,4.333333333333333
975,601c0266f8a80c12afbe1b97,create1,26,3,8.666666666666666
976,601c0284f8a80c12afbe1c4d,create1,4,3,1.3333333333333333
977,601c02a8f8a80c12afbe1c99,create1,8,3,2.6666666666666665
978,601c02c4f8a80c12afbe1d5d,create1,3,3,1.0
979,601c030cf8a80c12afbe1e3f,create1,19,3,6.333333333333333
980,601d6caaa6af0b0a8bd1badb,create1,3,3,1.0
981,6027df88a6af0b0a8bd31fcc,create1,6,3,2.0
982,602a3ccea6af0b0a8bd3716d,create1,9,3,3.0
983,602e9b3aa6af0b0a8bd3b578,create1,4,3,1.3333333333333333
984,602f0596a6af0b0a8bd3b61b,create1,1,3,0.3333333333333333
985,602fae39a6af0b0a8bd3dbfc,create1,2,3,0.6666666666666666
986,60311173a6af0b0a8bd3ff53,create1,4,3,1.3333333333333333
987,6031f9bfa6af0b0a8bd4125f,create1,3,3,1.0
988,6032151aa6af0b0a8bd41497,create1,8,3,2.6666666666666665
989,60337093a6af0b0a8bd42ac1,create1,3,3,1.0
990,6034f4d0a6af0b0a8bd457e3,create1,4,3,1.3333333333333333
991,603648baa6af0b0a8bd4631e,create1,1,3,0.3333333333333333
992,6037ccbfa6af0b0a8bd49964,create1,10,3,3.3333333333333335
993,6037ecc7a6af0b0a8bd49eed,create1,4,3,1.3333333333333333
994,60390376a6af0b0a8bd49f38,create1,3,3,1.0
995,603a8e8ba6af0b0a8bd4c64e,create1,5,3,1.6666666666666667
996,603fca9ca6af0b0a8bd5374f,create1,13,3,4.333333333333333
997,604844e2ba869b0aa718e77a,create1,2,3,0.6666666666666666
998,604a2fdeba869b0aa718eb64,create1,1,3,0.3333333333333333
999,604c3e10ba869b0aa718f3e2,create1,12,3,4.0
1000,604c8482ba869b0aa71912a0,create1,1,3,0.3333333333333333
1001,604caa6fba869b0aa7193514,create1,1,3,0.3333333333333333
1002,604ccd32ba869b0aa71946ce,create1,4,3,1.3333333333333333
1003,604ce667ba869b0aa7194ebe,create1,11,3,3.6666666666666665
1004,604d1129ba869b0aa7196b6a,create1,7,3,2.3333333333333335
1005,604da99bba869b0aa7198807,create1,5,3,1.6666666666666667
1006,604daccdba869b0aa7198ace,create1,3,3,1.0
1007,604dad56ba869b0aa7198ae2,create1,7,3,2.3333333333333335
1008,604db12eba869b0aa71990ab,create1,2,3,0.6666666666666666
1009,604dbbbdba869b0aa7199855,create1,1,3,0.3333333333333333
1010,604de8b8ba869b0aa719e935,create1,1,3,0.3333333333333333
1011,604de995ba869b0aa719e9b1,create1,2,3,0.6666666666666666
1012,604de9d9ba869b0aa719e9b7,create1,11,3,3.6666666666666665
1013,604e0417ba869b0aa719f964,create1,7,3,2.3333333333333335
1014,604e2b01ba869b0aa71a1704,create1,13,3,4.333333333333333
1015,604e435cba869b0aa71a277f,create1,2,3,0.6666666666666666
1016,604eec79ba869b0aa71a5338,create1,4,3,1.3333333333333333
1017,604ef140ba869b0aa71a5347,create1,11,3,3.6666666666666665
1018,604ef27aba869b0aa71a5380,create1,10,3,3.3333333333333335
1019,604f1c3aba869b0aa71a7500,create1,4,3,1.3333333333333333
1020,604f34bbba869b0aa71ab4c1,create1,1,3,0.3333333333333333
1021,604f4f18ba869b0aa71b0013,create1,2,3,0.6666666666666666
1022,604f797fba869b0aa71b3185,create1,1,3,0.3333333333333333
1023,604f7d21ba869b0aa71b32b9,create1,14,3,4.666666666666667
1024,604f7eb8ba869b0aa71b3404,create1,8,3,2.6666666666666665
1025,6050ba51ba869b0aa71b5996,create1,16,3,5.333333333333333
1026,605242a8ba869b0aa71b5e1f,create1,1,3,0.3333333333333333
1027,60524f0dba869b0aa71b5e6b,create1,10,3,3.3333333333333335
1028,6053b5b0ba869b0aa71b6b23,create1,3,3,1.0
1029,6054f492ba869b0aa71b7014,create1,4,3,1.3333333333333333
1030,605503a5ba869b0aa71b70ac,create1,5,3,1.6666666666666667
1031,6055fb2bba869b0aa71b8107,create1,3,3,1.0
1032,60562767ba869b0aa71b8b17,create1,2,3,0.6666666666666666
1033,60562da9ba869b0aa71b8d9a,create1,1,3,0.3333333333333333
1034,6056499dba869b0aa71b93e0,create1,6,3,2.0
1035,60564ecbba869b0aa71b9627,create1,4,3,1.3333333333333333
1036,60565047ba869b0aa71b9648,create1,2,3,0.6666666666666666
1037,6056bc57ba869b0aa71b9923,create1,2,3,0.6666666666666666
1038,6056cd01ba869b0aa71b9abb,create1,7,3,2.3333333333333335
1039,6056ec60ba869b0aa71ba26b,create1,6,3,2.0
1040,60574d71ba869b0aa71bea44,create1,3,3,1.0
1041,6057f3e1ba869b0aa71c057c,create1,2,3,0.6666666666666666
1042,60584643ba869b0aa71c06b5,create1,15,3,5.0
1043,6058a23dba869b0aa71c0ca0,create1,2,3,0.6666666666666666
1044,6059eacbba869b0aa71c6501,create1,2,3,0.6666666666666666
1045,605a1e72ba869b0aa71c71de,create1,3,3,1.0
1046,605a5ca1ba869b0aa71c848f,create1,4,3,1.3333333333333333
1047,605a99a9ba869b0aa71c84b3,create1,4,3,1.3333333333333333
1048,605c4db5ba869b0aa71cde48,create1,3,3,1.0
1049,605cdb29ba869b0aa71d1034,create1,1,3,0.3333333333333333
1050,605ed3a9ba869b0aa71d35cb,create1,1,3,0.3333333333333333
1051,605fe289ba869b0aa71d3e08,create1,2,3,0.6666666666666666
1052,6061e1d4ba869b0aa71d7caa,create1,3,3,1.0
1053,6062263dba869b0aa71d7ef9,create1,3,3,1.0
1054,60631f96ba869b0aa71d8f4b,create1,13,3,4.333333333333333
1055,60638ea0ba869b0aa71d9f95,create1,17,3,5.666666666666667
1056,60652e90ba869b0aa71df5e7,create1,4,3,1.3333333333333333
1057,6067bc02e1dff50acdb85574,create1,1,3,0.3333333333333333
1058,606970c9e1dff50acdb86754,create1,5,3,1.6666666666666667
1059,60697567e1dff50acdb86796,create1,1,3,0.3333333333333333
1060,6069905fe1dff50acdb867f0,create1,2,3,0.6666666666666666
1061,606a7e96e1dff50acdb88999,create1,6,3,2.0
1062,606aef3ae1dff50acdb88a99,create1,4,3,1.3333333333333333
1063,606b4911e1dff50acdb8983d,create1,2,3,0.6666666666666666
1064,606b7a47e1dff50acdb8ac03,create1,5,3,1.6666666666666667
1065,606bed1de1dff50acdb8e41b,create1,4,3,1.3333333333333333
1066,606c48eae1dff50acdb8ec4d,create1,5,3,1.6666666666666667
1067,606c72b1e1dff50acdb8ef34,create1,10,3,3.3333333333333335
1068,607161e8e1dff50acdb9c3c2,create1,2,3,0.6666666666666666
1069,6071c659e1dff50acdb9c446,create1,1,3,0.3333333333333333
1070,60754804e1dff50acdb9e264,create1,2,3,0.6666666666666666
1071,6078922ae1dff50acdba00e4,create1,4,3,1.3333333333333333
1072,6079aa99e1dff50acdba0324,create1,2,3,0.6666666666666666
1073,607c6535e1dff50acdba0b81,create1,13,3,4.333333333333333
1074,608067d4e1dff50acdba29cd,create1,4,3,1.3333333333333333
1075,60806cf2e1dff50acdba2a77,create1,1,3,0.3333333333333333
1076,6083ef86e1dff50acdba3e43,create1,4,3,1.3333333333333333
1077,6089fe86e1dff50acdba4817,create1,4,3,1.3333333333333333
1078,608a092ce1dff50acdba4823,create1,7,3,2.3333333333333335
1079,608b230ce1dff50acdba48d3,create1,2,3,0.6666666666666666
1080,608d0830e1dff50acdba4a76,create1,4,3,1.3333333333333333
1081,608d41b3e1dff50acdba68b2,create1,4,3,1.3333333333333333
1082,6091ae07e1dff50acdba9730,create1,3,3,1.0
1083,60926c8ce1dff50acdba9caf,create1,5,3,1.6666666666666667
1084,6092d3e0e1dff50acdba9d03,create1,2,3,0.6666666666666666
1085,6092e500e1dff50acdbaa5fd,create1,3,3,1.0
1086,6095cc43d35efd0ab8825574,create1,11,3,3.6666666666666665
1087,6099392ad35efd0ab8825886,create1,13,3,4.333333333333333
1088,609cbf9cd35efd0ab8825e86,create1,11,3,3.6666666666666665
1089,609f7d3fd35efd0ab8825f94,create1,2,3,0.6666666666666666
1090,609fdad9d35efd0ab8825fae,create1,1,3,0.3333333333333333
1091,60a123d8d35efd0ab8826169,create1,1,3,0.3333333333333333
1092,60a9808bd35efd0ab882679c,create1,4,3,1.3333333333333333
1093,60ad2545d35efd0ab8826a9d,create1,4,3,1.3333333333333333
1094,60b3f5a7d35efd0ab882739e,create1,2,3,0.6666666666666666
1095,60106245db5b643e9ca0542f,create2,8,4,2.0
1096,601146dadb5b643e9ca054e5,create2,3,4,0.75
1097,601275c1db5b643e9ca060b4,create2,1,4,0.25
1098,60129cbddb5b643e9ca06877,create2,10,4,2.5
1099,6014329e8a8fb97c0541f5d3,create2,2,4,0.5
1100,601587f68a8fb97c0541f607,create2,5,4,1.25
1101,6018f3a9f8a80c12afba217e,create2,13,4,3.25
1102,6018f410f8a80c12afba2194,create2,19,4,4.75
1103,6018f44df8a80c12afba219c,create2,6,4,1.5
1104,6018f495f8a80c12afba21aa,create2,14,4,3.5
1105,6018f4bbf8a80c12afba21b3,create2,1,4,0.25
1106,6018f517f8a80c12afba21c8,create2,7,4,1.75
1107,6018f5a0f8a80c12afba21ec,create2,1,4,0.25
1108,6018f5fff8a80c12afba2201,create2,1,4,0.25
1109,6018f660f8a80c12afba2217,create2,18,4,4.5
1110,6018f697f8a80c12afba2235,create2,5,4,1.25
1111,6018f6ebf8a80c12afba227b,create2,8,4,2.0
1112,6018f733f8a80c12afba2374,create2,3,4,0.75
1113,6018f8bbf8a80c12afba253f,create2,1,4,0.25
1114,6018fb66f8a80c12afba2a0e,create2,27,4,6.75
1115,6018fd16f8a80c12afba2cd5,create2,2,4,0.5
1116,6018fd31f8a80c12afba2cf5,create2,4,4,1.0
1117,6018fe8ff8a80c12afba2fa8,create2,6,4,1.5
1118,60190373f8a80c12afba3a90,create2,1,4,0.25
1119,60190c05f8a80c12afba4a8f,create2,14,4,3.5
1120,60191b2af8a80c12afba6602,create2,3,4,0.75
1121,6019249ff8a80c12afba840b,create2,2,4,0.5
1122,601924e3f8a80c12afba85d6,create2,9,4,2.25
1123,601924edf8a80c12afba861d,create2,8,4,2.0
1124,60192506f8a80c12afba8709,create2,6,4,1.5
1125,6019252af8a80c12afba8755,create2,2,4,0.5
1126,60192582f8a80c12afba892c,create2,9,4,2.25
1127,601925c8f8a80c12afba89d6,create2,1,4,0.25
1128,601925def8a80c12afba8a6a,create2,1,4,0.25
1129,60192601f8a80c12afba8aa9,create2,4,4,1.0
1130,60192610f8a80c12afba8ad7,create2,7,4,1.75
1131,6019268bf8a80c12afba8d22,create2,1,4,0.25
1132,601926a6f8a80c12afba8dda,create2,2,4,0.5
1133,601926c6f8a80c12afba8eaa,create2,3,4,0.75
1134,6019275ff8a80c12afba906a,create2,4,4,1.0
1135,60192799f8a80c12afba9199,create2,1,4,0.25
1136,601927c8f8a80c12afba9261,create2,1,4,0.25
1137,601927d2f8a80c12afba9286,create2,1,4,0.25
1138,60192845f8a80c12afba9525,create2,2,4,0.5
1139,601928dff8a80c12afba988d,create2,2,4,0.5
1140,601928eef8a80c12afba98e0,create2,3,4,0.75
1141,60192904f8a80c12afba994e,create2,6,4,1.5
1142,6019290ff8a80c12afba996f,create2,4,4,1.0
1143,6019291bf8a80c12afba99cf,create2,6,4,1.5
1144,60192a03f8a80c12afbaa059,create2,24,4,6.0
1145,60192a0cf8a80c12afbaa0b1,create2,1,4,0.25
1146,60192a78f8a80c12afbaa48e,create2,2,4,0.5
1147,60193056f8a80c12afbad1c3,create2,2,4,0.5
1148,60194527f8a80c12afbba1bf,create2,3,4,0.75
1149,60195993f8a80c12afbc0b90,create2,24,4,6.0
1150,601a16cef8a80c12afbd712f,create2,1,4,0.25
1151,601a9107f8a80c12afbdcee7,create2,5,4,1.25
1152,601ab97df8a80c12afbddd65,create2,1,4,0.25
1153,601ad24ff8a80c12afbdde77,create2,7,4,1.75
1154,601b75cbf8a80c12afbde5a5,create2,1,4,0.25
1155,601ba4acf8a80c12afbdee12,create2,2,4,0.5
1156,601c0004f8a80c12afbe1803,create2,2,4,0.5
1157,601c0011f8a80c12afbe180d,create2,33,4,8.25
1158,601c0016f8a80c12afbe1810,create2,7,4,1.75
1159,601c0028f8a80c12afbe1819,create2,5,4,1.25
1160,601c003af8a80c12afbe1828,create2,3,4,0.75
1161,601c005ef8a80c12afbe185c,create2,1,4,0.25
1162,601c005ff8a80c12afbe185f,create2,5,4,1.25
1163,601c0063f8a80c12afbe1862,create2,7,4,1.75
1164,601c009bf8a80c12afbe1896,create2,7,4,1.75
1165,601c00b3f8a80c12afbe18a3,create2,1,4,0.25
1166,601c00c4f8a80c12afbe18aa,create2,4,4,1.0
1167,601c00e0f8a80c12afbe18d7,create2,2,4,0.5
1168,601c0102f8a80c12afbe18ed,create2,6,4,1.5
1169,601c011ff8a80c12afbe1926,create2,3,4,0.75
1170,601c0122f8a80c12afbe192a,create2,2,4,0.5
1171,601c0125f8a80c12afbe192d,create2,1,4,0.25
1172,601c013cf8a80c12afbe1953,create2,2,4,0.5
1173,601c014cf8a80c12afbe1961,create2,5,4,1.25
1174,601c014ef8a80c12afbe1964,create2,22,4,5.5
1175,601c0153f8a80c12afbe196c,create2,3,4,0.75
1176,601c0172f8a80c12afbe19d1,create2,1,4,0.25
1177,601c0175f8a80c12afbe19d7,create2,1,4,0.25
1178,601c01a9f8a80c12afbe1a26,create2,7,4,1.75
1179,601c0246f8a80c12afbe1b2d,create2,1,4,0.25
1180,601c025ef8a80c12afbe1b80,create2,1,4,0.25
1181,601c0284f8a80c12afbe1c4d,create2,2,4,0.5
1182,601c02a8f8a80c12afbe1c99,create2,7,4,1.75
1183,601c02c4f8a80c12afbe1d5d,create2,38,4,9.5
1184,601c030cf8a80c12afbe1e3f,create2,73,4,18.25
1185,601c6e7bf8a80c12afbf2ff5,create2,1,4,0.25
1186,601d2755a6af0b0a8bd18def,create2,3,4,0.75
1187,601d6caaa6af0b0a8bd1badb,create2,1,4,0.25
1188,601f3546a6af0b0a8bd1e5fd,create2,2,4,0.5
1189,6021968ea6af0b0a8bd27418,create2,1,4,0.25
1190,6027df88a6af0b0a8bd31fcc,create2,6,4,1.5
1191,602956fda6af0b0a8bd34b4d,create2,3,4,0.75
1192,602a3ccea6af0b0a8bd3716d,create2,1,4,0.25
1193,602ee3d9a6af0b0a8bd3b607,create2,1,4,0.25
1194,602f0596a6af0b0a8bd3b61b,create2,2,4,0.5
1195,602fae39a6af0b0a8bd3dbfc,create2,1,4,0.25
1196,60311173a6af0b0a8bd3ff53,create2,3,4,0.75
1197,6032151aa6af0b0a8bd41497,create2,1,4,0.25
1198,60337093a6af0b0a8bd42ac1,create2,1,4,0.25
1199,6034f4d0a6af0b0a8bd457e3,create2,1,4,0.25
1200,603648baa6af0b0a8bd4631e,create2,5,4,1.25
1201,6037ccbfa6af0b0a8bd49964,create2,8,4,2.0
1202,60390376a6af0b0a8bd49f38,create2,1,4,0.25
1203,603a8e8ba6af0b0a8bd4c64e,create2,2,4,0.5
1204,603d7455a6af0b0a8bd53507,create2,2,4,0.5
1205,603fca9ca6af0b0a8bd5374f,create2,2,4,0.5
1206,604844e2ba869b0aa718e77a,create2,7,4,1.75
1207,604c3e10ba869b0aa718f3e2,create2,5,4,1.25
1208,604c56b5ba869b0aa718f41e,create2,1,4,0.25
1209,604c8482ba869b0aa71912a0,create2,1,4,0.25
1210,604caa6fba869b0aa7193514,create2,1,4,0.25
1211,604ccd32ba869b0aa71946ce,create2,1,4,0.25
1212,604ce667ba869b0aa7194ebe,create2,1,4,0.25
1213,604cf57bba869b0aa719567b,create2,2,4,0.5
1214,604d966cba869b0aa7198348,create2,2,4,0.5
1215,604da99bba869b0aa7198807,create2,6,4,1.5
1216,604dad56ba869b0aa7198ae2,create2,7,4,1.75
1217,604dbbbdba869b0aa7199855,create2,2,4,0.5
1218,604de8b8ba869b0aa719e935,create2,16,4,4.0
1219,604de995ba869b0aa719e9b1,create2,1,4,0.25
1220,604de9d9ba869b0aa719e9b7,create2,3,4,0.75
1221,604df9aeba869b0aa719f15f,create2,7,4,1.75
1222,604e0417ba869b0aa719f964,create2,1,4,0.25
1223,604e2b01ba869b0aa71a1704,create2,9,4,2.25
1224,604e435cba869b0aa71a277f,create2,1,4,0.25
1225,604eec79ba869b0aa71a5338,create2,1,4,0.25
1226,604ef140ba869b0aa71a5347,create2,15,4,3.75
1227,604ef27aba869b0aa71a5380,create2,10,4,2.5
1228,604f064eba869b0aa71a5d8d,create2,2,4,0.5
1229,604f1c3aba869b0aa71a7500,create2,4,4,1.0
1230,604f4f18ba869b0aa71b0013,create2,10,4,2.5
1231,604f797fba869b0aa71b3185,create2,1,4,0.25
1232,604f7d21ba869b0aa71b32b9,create2,10,4,2.5
1233,604f7eb8ba869b0aa71b3404,create2,7,4,1.75
1234,6051d189ba869b0aa71b5abf,create2,3,4,0.75
1235,605242a8ba869b0aa71b5e1f,create2,1,4,0.25
1236,60524f0dba869b0aa71b5e6b,create2,4,4,1.0
1237,6053b5b0ba869b0aa71b6b23,create2,1,4,0.25
1238,6054f492ba869b0aa71b7014,create2,5,4,1.25
1239,605503a5ba869b0aa71b70ac,create2,2,4,0.5
1240,60558397ba869b0aa71b7814,create2,2,4,0.5
1241,6055886bba869b0aa71b785a,create2,1,4,0.25
1242,6055a699ba869b0aa71b78e8,create2,5,4,1.25
1243,6055eb03ba869b0aa71b7cb7,create2,1,4,0.25
1244,6055fb2bba869b0aa71b8107,create2,2,4,0.5
1245,60562767ba869b0aa71b8b17,create2,1,4,0.25
1246,60564ecbba869b0aa71b9627,create2,1,4,0.25
1247,60565047ba869b0aa71b9648,create2,1,4,0.25
1248,6056bc57ba869b0aa71b9923,create2,2,4,0.5
1249,6056cd01ba869b0aa71b9abb,create2,2,4,0.5
1250,6056ec60ba869b0aa71ba26b,create2,1,4,0.25
1251,60572242ba869b0aa71bd973,create2,3,4,0.75
1252,60574d71ba869b0aa71bea44,create2,1,4,0.25
1253,60584643ba869b0aa71c06b5,create2,3,4,0.75
1254,60589795ba869b0aa71c0adf,create2,5,4,1.25
1255,6058a23dba869b0aa71c0ca0,create2,4,4,1.0
1256,6058e089ba869b0aa71c2282,create2,4,4,1.0
1257,6059eacbba869b0aa71c6501,create2,4,4,1.0
1258,605a5ca1ba869b0aa71c848f,create2,2,4,0.5
1259,605a99a9ba869b0aa71c84b3,create2,1,4,0.25
1260,605b2cdaba869b0aa71c950f,create2,2,4,0.5
1261,605c4db5ba869b0aa71cde48,create2,2,4,0.5
1262,605cdb29ba869b0aa71d1034,create2,1,4,0.25
1263,605ed3a9ba869b0aa71d35cb,create2,1,4,0.25
1264,605f1e7fba869b0aa71d3ac9,create2,2,4,0.5
1265,605fe289ba869b0aa71d3e08,create2,3,4,0.75
1266,6061e1d4ba869b0aa71d7caa,create2,7,4,1.75
1267,60631f96ba869b0aa71d8f4b,create2,1,4,0.25
1268,60633ce7ba869b0aa71d92e4,create2,1,4,0.25
1269,60638ea0ba869b0aa71d9f95,create2,3,4,0.75
1270,60652e90ba869b0aa71df5e7,create2,5,4,1.25
1271,6067bc02e1dff50acdb85574,create2,2,4,0.5
1272,6068cbbde1dff50acdb8585f,create2,1,4,0.25
1273,60697567e1dff50acdb86796,create2,2,4,0.5
1274,606a7e96e1dff50acdb88999,create2,19,4,4.75
1275,606aef3ae1dff50acdb88a99,create2,2,4,0.5
1276,606b4911e1dff50acdb8983d,create2,2,4,0.5
1277,606b7a47e1dff50acdb8ac03,create2,1,4,0.25
1278,606bed1de1dff50acdb8e41b,create2,1,4,0.25
1279,606c48eae1dff50acdb8ec4d,create2,29,4,7.25
1280,607161e8e1dff50acdb9c3c2,create2,1,4,0.25
1281,6071c659e1dff50acdb9c446,create2,1,4,0.25
1282,6074c9b3e1dff50acdb9e161,create2,1,4,0.25
1283,60754804e1dff50acdb9e264,create2,2,4,0.5
1284,6079aa99e1dff50acdba0324,create2,2,4,0.5
1285,607c6535e1dff50acdba0b81,create2,38,4,9.5
1286,607dbfe1e1dff50acdba14c9,create2,11,4,2.75
1287,608067d4e1dff50acdba29cd,create2,2,4,0.5
1288,60806cf2e1dff50acdba2a77,create2,1,4,0.25
1289,6083ef86e1dff50acdba3e43,create2,6,4,1.5
1290,6088c26ce1dff50acdba476e,create2,6,4,1.5
1291,608b230ce1dff50acdba48d3,create2,3,4,0.75
1292,608d0830e1dff50acdba4a76,create2,2,4,0.5
1293,608d41b3e1dff50acdba68b2,create2,14,4,3.5
1294,6091ae07e1dff50acdba9730,create2,1,4,0.25
1295,60926c8ce1dff50acdba9caf,create2,1,4,0.25
1296,6095cc43d35efd0ab8825574,create2,2,4,0.5
1297,6095cf81d35efd0ab88255cd,create2,3,4,0.75
1298,609910d0d35efd0ab8825823,create2,1,4,0.25
1299,609cbf9cd35efd0ab8825e86,create2,2,4,0.5
1300,609d46f3d35efd0ab8825efd,create2,1,4,0.25
1301,609fdad9d35efd0ab8825fae,create2,4,4,1.0
1302,60a123d8d35efd0ab8826169,create2,2,4,0.5
1303,60a91d26d35efd0ab882663d,create2,2,4,0.5
1304,60ad2545d35efd0ab8826a9d,create2,3,4,0.75
1305,60b438bad35efd0ab8827d95,create2,1,4,0.25
1306,60106245db5b643e9ca0542f,restructure1,37,4,9.25
1307,60112d18db5b643e9ca05469,restructure1,1,4,0.25
1308,601146dadb5b643e9ca054e5,restructure1,4,4,1.0
1309,60114dc2db5b643e9ca054ed,restructure1,7,4,1.75
1310,6014329e8a8fb97c0541f5d3,restructure1,2,4,0.5
1311,601587f68a8fb97c0541f607,restructure1,7,4,1.75
1312,60185e4ef8a80c12afba1014,restructure1,4,4,1.0
1313,6018f3a9f8a80c12afba217e,restructure1,45,4,11.25
1314,6018f3bcf8a80c12afba2189,restructure1,5,4,1.25
1315,6018f410f8a80c12afba2194,restructure1,11,4,2.75
1316,6018f44df8a80c12afba219c,restructure1,23,4,5.75
1317,6018f495f8a80c12afba21aa,restructure1,37,4,9.25
1318,6018f4bbf8a80c12afba21b3,restructure1,3,4,0.75
1319,6018f517f8a80c12afba21c8,restructure1,17,4,4.25
1320,6018f56af8a80c12afba21e0,restructure1,2,4,0.5
1321,6018f5a0f8a80c12afba21ec,restructure1,1,4,0.25
1322,6018f5fef8a80c12afba21ff,restructure1,1,4,0.25
1323,6018f5fff8a80c12afba2201,restructure1,3,4,0.75
1324,6018f660f8a80c12afba2217,restructure1,87,4,21.75
1325,6018f697f8a80c12afba2235,restructure1,37,4,9.25
1326,6018f6ebf8a80c12afba227b,restructure1,27,4,6.75
1327,6018f6f3f8a80c12afba2286,restructure1,79,4,19.75
1328,6018f723f8a80c12afba2369,restructure1,5,4,1.25
1329,6018f733f8a80c12afba2374,restructure1,86,4,21.5
1330,6018f7b8f8a80c12afba2403,restructure1,2,4,0.5
1331,6018f8bbf8a80c12afba253f,restructure1,3,4,0.75
1332,6018f9d4f8a80c12afba2793,restructure1,47,4,11.75
1333,6018fb66f8a80c12afba2a0e,restructure1,98,4,24.5
1334,6018fd16f8a80c12afba2cd5,restructure1,8,4,2.0
1335,6018fd31f8a80c12afba2cf5,restructure1,23,4,5.75
1336,6018fe8ff8a80c12afba2fa8,restructure1,21,4,5.25
1337,60190c05f8a80c12afba4a8f,restructure1,82,4,20.5
1338,60191b2af8a80c12afba6602,restructure1,27,4,6.75
1339,6019249ff8a80c12afba840b,restructure1,3,4,0.75
1340,601924e3f8a80c12afba85d6,restructure1,88,4,22.0
1341,601924edf8a80c12afba861d,restructure1,5,4,1.25
1342,60192506f8a80c12afba8709,restructure1,3,4,0.75
1343,6019252af8a80c12afba8755,restructure1,5,4,1.25
1344,60192582f8a80c12afba892c,restructure1,30,4,7.5
1345,601925c8f8a80c12afba89d6,restructure1,81,4,20.25
1346,601925def8a80c12afba8a6a,restructure1,5,4,1.25
1347,601925eff8a80c12afba8a91,restructure1,38,4,9.5
1348,60192601f8a80c12afba8aa9,restructure1,9,4,2.25
1349,60192610f8a80c12afba8ad7,restructure1,30,4,7.5
1350,6019268bf8a80c12afba8d22,restructure1,8,4,2.0
1351,601926a6f8a80c12afba8dda,restructure1,4,4,1.0
1352,601926c6f8a80c12afba8eaa,restructure1,14,4,3.5
1353,6019275ff8a80c12afba906a,restructure1,14,4,3.5
1354,60192799f8a80c12afba9199,restructure1,43,4,10.75
1355,601927c8f8a80c12afba9261,restructure1,23,4,5.75
1356,601927cbf8a80c12afba9277,restructure1,4,4,1.0
1357,601927d2f8a80c12afba9286,restructure1,13,4,3.25
1358,601927dbf8a80c12afba9299,restructure1,34,4,8.5
1359,6019281bf8a80c12afba93fa,restructure1,14,4,3.5
1360,60192845f8a80c12afba9525,restructure1,2,4,0.5
1361,601928eef8a80c12afba98e0,restructure1,97,4,24.25
1362,6019290ff8a80c12afba996f,restructure1,10,4,2.5
1363,6019291bf8a80c12afba99cf,restructure1,2,4,0.5
1364,60192a03f8a80c12afbaa059,restructure1,24,4,6.0
1365,60192a78f8a80c12afbaa48e,restructure1,12,4,3.0
1366,60193331f8a80c12afbaedd5,restructure1,7,4,1.75
1367,60193a1cf8a80c12afbb4284,restructure1,5,4,1.25
1368,60194527f8a80c12afbba1bf,restructure1,24,4,6.0
1369,601963bff8a80c12afbc316c,restructure1,12,4,3.0
1370,60196af9f8a80c12afbc4bac,restructure1,154,4,38.5
1371,601a16cef8a80c12afbd712f,restructure1,54,4,13.5
1372,601a3a2ef8a80c12afbda079,restructure1,52,4,13.0
1373,601a9107f8a80c12afbdcee7,restructure1,40,4,10.0
1374,601ad24ff8a80c12afbdde77,restructure1,87,4,21.75
1375,601ba4acf8a80c12afbdee12,restructure1,33,4,8.25
1376,601beec0f8a80c12afbe12ac,restructure1,3,4,0.75
1377,601c0004f8a80c12afbe1803,restructure1,39,4,9.75
1378,601c0011f8a80c12afbe180d,restructure1,36,4,9.0
1379,601c0016f8a80c12afbe1810,restructure1,48,4,12.0
1380,601c0028f8a80c12afbe1819,restructure1,6,4,1.5
1381,601c0036f8a80c12afbe1824,restructure1,3,4,0.75
1382,601c003af8a80c12afbe1828,restructure1,13,4,3.25
1383,601c005ef8a80c12afbe185c,restructure1,2,4,0.5
1384,601c005ff8a80c12afbe185f,restructure1,24,4,6.0
1385,601c0063f8a80c12afbe1862,restructure1,24,4,6.0
1386,601c00b3f8a80c12afbe18a3,restructure1,4,4,1.0
1387,601c00c4f8a80c12afbe18aa,restructure1,9,4,2.25
1388,601c00e0f8a80c12afbe18d7,restructure1,2,4,0.5
1389,601c0102f8a80c12afbe18ed,restructure1,26,4,6.5
1390,601c0119f8a80c12afbe1910,restructure1,11,4,2.75
1391,601c011ff8a80c12afbe1926,restructure1,4,4,1.0
1392,601c0122f8a80c12afbe192a,restructure1,24,4,6.0
1393,601c0125f8a80c12afbe192d,restructure1,2,4,0.5
1394,601c0130f8a80c12afbe193e,restructure1,7,4,1.75
1395,601c013cf8a80c12afbe1953,restructure1,17,4,4.25
1396,601c0143f8a80c12afbe1959,restructure1,17,4,4.25
1397,601c014cf8a80c12afbe1961,restructure1,4,4,1.0
1398,601c014ef8a80c12afbe1964,restructure1,1,4,0.25
1399,601c0153f8a80c12afbe196c,restructure1,31,4,7.75
1400,601c0172f8a80c12afbe19d1,restructure1,2,4,0.5
1401,601c0175f8a80c12afbe19d7,restructure1,106,4,26.5
1402,601c018df8a80c12afbe19f8,restructure1,4,4,1.0
1403,601c018ef8a80c12afbe19fe,restructure1,3,4,0.75
1404,601c019af8a80c12afbe1a13,restructure1,47,4,11.75
1405,601c01a9f8a80c12afbe1a26,restructure1,25,4,6.25
1406,601c0246f8a80c12afbe1b2d,restructure1,2,4,0.5
1407,601c025ef8a80c12afbe1b80,restructure1,5,4,1.25
1408,601c0284f8a80c12afbe1c4d,restructure1,52,4,13.0
1409,601c02a8f8a80c12afbe1c99,restructure1,21,4,5.25
1410,601c02c4f8a80c12afbe1d5d,restructure1,2,4,0.5
1411,601c030cf8a80c12afbe1e3f,restructure1,45,4,11.25
1412,601d2755a6af0b0a8bd18def,restructure1,2,4,0.5
1413,601d6caaa6af0b0a8bd1badb,restructure1,2,4,0.5
1414,601f3546a6af0b0a8bd1e5fd,restructure1,1,4,0.25
1415,602956fda6af0b0a8bd34b4d,restructure1,54,4,13.5
1416,602a3ccea6af0b0a8bd3716d,restructure1,52,4,13.0
1417,602ee3d9a6af0b0a8bd3b607,restructure1,11,4,2.75
1418,60311173a6af0b0a8bd3ff53,restructure1,19,4,4.75
1419,6032151aa6af0b0a8bd41497,restructure1,2,4,0.5
1420,603648baa6af0b0a8bd4631e,restructure1,4,4,1.0
1421,60390376a6af0b0a8bd49f38,restructure1,5,4,1.25
1422,603a8e8ba6af0b0a8bd4c64e,restructure1,21,4,5.25
1423,603d7455a6af0b0a8bd53507,restructure1,6,4,1.5
1424,604b6696ba869b0aa718f328,restructure1,4,4,1.0
1425,604ba23eba869b0aa718f3ad,restructure1,1,4,0.25
1426,604c3e10ba869b0aa718f3e2,restructure1,175,4,43.75
1427,604c56b5ba869b0aa718f41e,restructure1,10,4,2.5
1428,604c8482ba869b0aa71912a0,restructure1,17,4,4.25
1429,604caa6fba869b0aa7193514,restructure1,8,4,2.0
1430,604ccd32ba869b0aa71946ce,restructure1,7,4,1.75
1431,604ce667ba869b0aa7194ebe,restructure1,6,4,1.5
1432,604cf57bba869b0aa719567b,restructure1,1,4,0.25
1433,604d966cba869b0aa7198348,restructure1,2,4,0.5
1434,604da99bba869b0aa7198807,restructure1,41,4,10.25
1435,604dad56ba869b0aa7198ae2,restructure1,4,4,1.0
1436,604db12eba869b0aa71990ab,restructure1,7,4,1.75
1437,604dbbbdba869b0aa7199855,restructure1,18,4,4.5
1438,604de8b8ba869b0aa719e935,restructure1,6,4,1.5
1439,604de995ba869b0aa719e9b1,restructure1,7,4,1.75
1440,604de9d9ba869b0aa719e9b7,restructure1,33,4,8.25
1441,604df9aeba869b0aa719f15f,restructure1,69,4,17.25
1442,604e0417ba869b0aa719f964,restructure1,21,4,5.25
1443,604e2b01ba869b0aa71a1704,restructure1,67,4,16.75
1444,604e435cba869b0aa71a277f,restructure1,7,4,1.75
1445,604eec79ba869b0aa71a5338,restructure1,29,4,7.25
1446,604ef140ba869b0aa71a5347,restructure1,99,4,24.75
1447,604ef27aba869b0aa71a5380,restructure1,95,4,23.75
1448,604f148cba869b0aa71a67f1,restructure1,5,4,1.25
1449,604f1c3aba869b0aa71a7500,restructure1,16,4,4.0
1450,604f27f0ba869b0aa71a9210,restructure1,11,4,2.75
1451,604f33b1ba869b0aa71ab0ed,restructure1,13,4,3.25
1452,604f34bbba869b0aa71ab4c1,restructure1,26,4,6.5
1453,604f4f18ba869b0aa71b0013,restructure1,12,4,3.0
1454,604f797fba869b0aa71b3185,restructure1,4,4,1.0
1455,604f7d21ba869b0aa71b32b9,restructure1,25,4,6.25
1456,604f7eb8ba869b0aa71b3404,restructure1,16,4,4.0
1457,6051d189ba869b0aa71b5abf,restructure1,2,4,0.5
1458,6053b6beba869b0aa71b6b33,restructure1,3,4,0.75
1459,60558397ba869b0aa71b7814,restructure1,1,4,0.25
1460,6055886bba869b0aa71b785a,restructure1,2,4,0.5
1461,6055a699ba869b0aa71b78e8,restructure1,1,4,0.25
1462,6055eb03ba869b0aa71b7cb7,restructure1,1,4,0.25
1463,6055fb2bba869b0aa71b8107,restructure1,4,4,1.0
1464,60562767ba869b0aa71b8b17,restructure1,1,4,0.25
1465,60562da9ba869b0aa71b8d9a,restructure1,4,4,1.0
1466,6056499dba869b0aa71b93e0,restructure1,1,4,0.25
1467,60564ecbba869b0aa71b9627,restructure1,5,4,1.25
1468,60565047ba869b0aa71b9648,restructure1,9,4,2.25
1469,6056bc57ba869b0aa71b9923,restructure1,4,4,1.0
1470,6056cd01ba869b0aa71b9abb,restructure1,1,4,0.25
1471,6056ec60ba869b0aa71ba26b,restructure1,4,4,1.0
1472,60572242ba869b0aa71bd973,restructure1,2,4,0.5
1473,6058a23dba869b0aa71c0ca0,restructure1,1,4,0.25
1474,6059eacbba869b0aa71c6501,restructure1,15,4,3.75
1475,605a5ca1ba869b0aa71c848f,restructure1,2,4,0.5
1476,605a99a9ba869b0aa71c84b3,restructure1,13,4,3.25
1477,605b2cdaba869b0aa71c950f,restructure1,1,4,0.25
1478,605c4db5ba869b0aa71cde48,restructure1,5,4,1.25
1479,605cdb29ba869b0aa71d1034,restructure1,1,4,0.25
1480,605e8a70ba869b0aa71d31bc,restructure1,1,4,0.25
1481,605fe289ba869b0aa71d3e08,restructure1,3,4,0.75
1482,6061e1d4ba869b0aa71d7caa,restructure1,6,4,1.5
1483,6062263dba869b0aa71d7ef9,restructure1,3,4,0.75
1484,60631f96ba869b0aa71d8f4b,restructure1,7,4,1.75
1485,60633ce7ba869b0aa71d92e4,restructure1,1,4,0.25
1486,60638ea0ba869b0aa71d9f95,restructure1,9,4,2.25
1487,60652e90ba869b0aa71df5e7,restructure1,4,4,1.0
1488,6066401aba869b0aa71e11dd,restructure1,1,4,0.25
1489,6068cbbde1dff50acdb8585f,restructure1,1,4,0.25
1490,606a7e96e1dff50acdb88999,restructure1,9,4,2.25
1491,606aef3ae1dff50acdb88a99,restructure1,3,4,0.75
1492,606b4911e1dff50acdb8983d,restructure1,2,4,0.5
1493,606b527ae1dff50acdb89cc1,restructure1,7,4,1.75
1494,606b7a47e1dff50acdb8ac03,restructure1,29,4,7.25
1495,60705318e1dff50acdb9be8b,restructure1,1,4,0.25
1496,607161e8e1dff50acdb9c3c2,restructure1,1,4,0.25
1497,6071c659e1dff50acdb9c446,restructure1,3,4,0.75
1498,607314dce1dff50acdb9d355,restructure1,1,4,0.25
1499,60754804e1dff50acdb9e264,restructure1,3,4,0.75
1500,6078922ae1dff50acdba00e4,restructure1,2,4,0.5
1501,608c9d49e1dff50acdba4969,restructure1,1,4,0.25
1502,608d0830e1dff50acdba4a76,restructure1,5,4,1.25
1503,6091ae07e1dff50acdba9730,restructure1,1,4,0.25
1504,6092d3e0e1dff50acdba9d03,restructure1,4,4,1.0
1505,6099392ad35efd0ab8825886,restructure1,6,4,1.5
1506,60a123d8d35efd0ab8826169,restructure1,11,4,2.75
1507,60a91d26d35efd0ab882663d,restructure1,36,4,9.0
1508,60b3f5a7d35efd0ab882739e,restructure1,4,4,1.0
1509,601146dadb5b643e9ca054e5,restructure2,3,2,1.5
1510,60114dc2db5b643e9ca054ed,restructure2,3,2,1.5
1511,6014329e8a8fb97c0541f5d3,restructure2,1,2,0.5
1512,601587f68a8fb97c0541f607,restructure2,2,2,1.0
1513,60185e4ef8a80c12afba1014,restructure2,4,2,2.0
1514,6018f3a9f8a80c12afba217e,restructure2,2,2,1.0
1515,6018f410f8a80c12afba2194,restructure2,5,2,2.5
1516,6018f44df8a80c12afba219c,restructure2,9,2,4.5
1517,6018f495f8a80c12afba21aa,restructure2,9,2,4.5
1518,6018f4bbf8a80c12afba21b3,restructure2,1,2,0.5
1519,6018f517f8a80c12afba21c8,restructure2,3,2,1.5
1520,6018f56af8a80c12afba21e0,restructure2,2,2,1.0
1521,6018f5a0f8a80c12afba21ec,restructure2,1,2,0.5
1522,6018f5fef8a80c12afba21ff,restructure2,3,2,1.5
1523,6018f5fff8a80c12afba2201,restructure2,1,2,0.5
1524,6018f660f8a80c12afba2217,restructure2,30,2,15.0
1525,6018f697f8a80c12afba2235,restructure2,1,2,0.5
1526,6018f6ebf8a80c12afba227b,restructure2,5,2,2.5
1527,6018f6f3f8a80c12afba2286,restructure2,14,2,7.0
1528,6018f723f8a80c12afba2369,restructure2,1,2,0.5
1529,6018f733f8a80c12afba2374,restructure2,8,2,4.0
1530,6018f7b8f8a80c12afba2403,restructure2,2,2,1.0
1531,6018f8bbf8a80c12afba253f,restructure2,2,2,1.0
1532,6018f9d4f8a80c12afba2793,restructure2,6,2,3.0
1533,6018fb66f8a80c12afba2a0e,restructure2,90,2,45.0
1534,6018fd16f8a80c12afba2cd5,restructure2,3,2,1.5
1535,6018fd31f8a80c12afba2cf5,restructure2,8,2,4.0
1536,6018fe8ff8a80c12afba2fa8,restructure2,22,2,11.0
1537,60190373f8a80c12afba3a90,restructure2,1,2,0.5
1538,60190c05f8a80c12afba4a8f,restructure2,39,2,19.5
1539,60191b2af8a80c12afba6602,restructure2,4,2,2.0
1540,6019249ff8a80c12afba840b,restructure2,2,2,1.0
1541,601924e3f8a80c12afba85d6,restructure2,7,2,3.5
1542,601924edf8a80c12afba861d,restructure2,2,2,1.0
1543,60192506f8a80c12afba8709,restructure2,5,2,2.5
1544,6019252af8a80c12afba8755,restructure2,3,2,1.5
1545,60192582f8a80c12afba892c,restructure2,2,2,1.0
1546,601925c8f8a80c12afba89d6,restructure2,2,2,1.0
1547,601925def8a80c12afba8a6a,restructure2,3,2,1.5
1548,601925eff8a80c12afba8a91,restructure2,2,2,1.0
1549,60192601f8a80c12afba8aa9,restructure2,4,2,2.0
1550,60192610f8a80c12afba8ad7,restructure2,4,2,2.0
1551,601926a6f8a80c12afba8dda,restructure2,2,2,1.0
1552,601926c6f8a80c12afba8eaa,restructure2,8,2,4.0
1553,6019275ff8a80c12afba906a,restructure2,3,2,1.5
1554,60192799f8a80c12afba9199,restructure2,4,2,2.0
1555,601927c8f8a80c12afba9261,restructure2,3,2,1.5
1556,601927d2f8a80c12afba9286,restructure2,7,2,3.5
1557,601927dbf8a80c12afba9299,restructure2,2,2,1.0
1558,6019281bf8a80c12afba93fa,restructure2,4,2,2.0
1559,60192845f8a80c12afba9525,restructure2,1,2,0.5
1560,601928eef8a80c12afba98e0,restructure2,70,2,35.0
1561,6019290ff8a80c12afba996f,restructure2,5,2,2.5
1562,6019291bf8a80c12afba99cf,restructure2,2,2,1.0
1563,60192a0cf8a80c12afbaa0b1,restructure2,1,2,0.5
1564,60192a78f8a80c12afbaa48e,restructure2,3,2,1.5
1565,60193331f8a80c12afbaedd5,restructure2,1,2,0.5
1566,60193a1cf8a80c12afbb4284,restructure2,13,2,6.5
1567,60194527f8a80c12afbba1bf,restructure2,12,2,6.0
1568,601963bff8a80c12afbc316c,restructure2,2,2,1.0
1569,60196af9f8a80c12afbc4bac,restructure2,8,2,4.0
1570,601a16cef8a80c12afbd712f,restructure2,2,2,1.0
1571,601a9107f8a80c12afbdcee7,restructure2,49,2,24.5
1572,601ad24ff8a80c12afbdde77,restructure2,2,2,1.0
1573,601ba4acf8a80c12afbdee12,restructure2,1,2,0.5
1574,601beec0f8a80c12afbe12ac,restructure2,2,2,1.0
1575,601c0004f8a80c12afbe1803,restructure2,4,2,2.0
1576,601c0011f8a80c12afbe180d,restructure2,5,2,2.5
1577,601c0016f8a80c12afbe1810,restructure2,40,2,20.0
1578,601c0028f8a80c12afbe1819,restructure2,7,2,3.5
1579,601c003af8a80c12afbe1828,restructure2,2,2,1.0
1580,601c005ef8a80c12afbe185c,restructure2,1,2,0.5
1581,601c005ff8a80c12afbe185f,restructure2,8,2,4.0
1582,601c0063f8a80c12afbe1862,restructure2,5,2,2.5
1583,601c00b3f8a80c12afbe18a3,restructure2,11,2,5.5
1584,601c00c4f8a80c12afbe18aa,restructure2,2,2,1.0
1585,601c00e0f8a80c12afbe18d7,restructure2,1,2,0.5
1586,601c0102f8a80c12afbe18ed,restructure2,3,2,1.5
1587,601c0119f8a80c12afbe1910,restructure2,3,2,1.5
1588,601c0122f8a80c12afbe192a,restructure2,1,2,0.5
1589,601c0125f8a80c12afbe192d,restructure2,3,2,1.5
1590,601c0130f8a80c12afbe193e,restructure2,3,2,1.5
1591,601c013cf8a80c12afbe1953,restructure2,6,2,3.0
1592,601c0143f8a80c12afbe1959,restructure2,2,2,1.0
1593,601c014cf8a80c12afbe1961,restructure2,2,2,1.0
1594,601c014ef8a80c12afbe1964,restructure2,5,2,2.5
1595,601c0153f8a80c12afbe196c,restructure2,6,2,3.0
1596,601c0172f8a80c12afbe19d1,restructure2,3,2,1.5
1597,601c0175f8a80c12afbe19d7,restructure2,10,2,5.0
1598,601c018df8a80c12afbe19f8,restructure2,2,2,1.0
1599,601c019af8a80c12afbe1a13,restructure2,8,2,4.0
1600,601c01a9f8a80c12afbe1a26,restructure2,3,2,1.5
1601,601c0246f8a80c12afbe1b2d,restructure2,1,2,0.5
1602,601c0284f8a80c12afbe1c4d,restructure2,3,2,1.5
1603,601c02a8f8a80c12afbe1c99,restructure2,2,2,1.0
1604,601c02c4f8a80c12afbe1d5d,restructure2,2,2,1.0
1605,601c030cf8a80c12afbe1e3f,restructure2,18,2,9.0
1606,601d2755a6af0b0a8bd18def,restructure2,4,2,2.0
1607,601d6caaa6af0b0a8bd1badb,restructure2,2,2,1.0
1608,6021968ea6af0b0a8bd27418,restructure2,2,2,1.0
1609,602a3ccea6af0b0a8bd3716d,restructure2,2,2,1.0
1610,602ee3d9a6af0b0a8bd3b607,restructure2,2,2,1.0
1611,60311173a6af0b0a8bd3ff53,restructure2,4,2,2.0
1612,603648baa6af0b0a8bd4631e,restructure2,5,2,2.5
1613,60390376a6af0b0a8bd49f38,restructure2,1,2,0.5
1614,603a8e8ba6af0b0a8bd4c64e,restructure2,3,2,1.5
1615,603d7455a6af0b0a8bd53507,restructure2,1,2,0.5
1616,604b6696ba869b0aa718f328,restructure2,4,2,2.0
1617,604c3e10ba869b0aa718f3e2,restructure2,13,2,6.5
1618,604c56b5ba869b0aa718f41e,restructure2,2,2,1.0
1619,604c8482ba869b0aa71912a0,restructure2,8,2,4.0
1620,604caa6fba869b0aa7193514,restructure2,6,2,3.0
1621,604ccd32ba869b0aa71946ce,restructure2,2,2,1.0
1622,604ce667ba869b0aa7194ebe,restructure2,3,2,1.5
1623,604cf57bba869b0aa719567b,restructure2,3,2,1.5
1624,604d966cba869b0aa7198348,restructure2,6,2,3.0
1625,604da99bba869b0aa7198807,restructure2,3,2,1.5
1626,604dad56ba869b0aa7198ae2,restructure2,2,2,1.0
1627,604db12eba869b0aa71990ab,restructure2,6,2,3.0
1628,604dbbbdba869b0aa7199855,restructure2,1,2,0.5
1629,604de8b8ba869b0aa719e935,restructure2,5,2,2.5
1630,604de995ba869b0aa719e9b1,restructure2,2,2,1.0
1631,604de9d9ba869b0aa719e9b7,restructure2,3,2,1.5
1632,604df9aeba869b0aa719f15f,restructure2,25,2,12.5
1633,604e0417ba869b0aa719f964,restructure2,3,2,1.5
1634,604e2b01ba869b0aa71a1704,restructure2,9,2,4.5
1635,604e435cba869b0aa71a277f,restructure2,2,2,1.0
1636,604eec79ba869b0aa71a5338,restructure2,3,2,1.5
1637,604ef140ba869b0aa71a5347,restructure2,3,2,1.5
1638,604ef27aba869b0aa71a5380,restructure2,3,2,1.5
1639,604f1c3aba869b0aa71a7500,restructure2,3,2,1.5
1640,604f33b1ba869b0aa71ab0ed,restructure2,15,2,7.5
1641,604f34bbba869b0aa71ab4c1,restructure2,14,2,7.0
1642,604f4f18ba869b0aa71b0013,restructure2,3,2,1.5
1643,604f797fba869b0aa71b3185,restructure2,1,2,0.5
1644,604f7d21ba869b0aa71b32b9,restructure2,20,2,10.0
1645,604f7eb8ba869b0aa71b3404,restructure2,5,2,2.5
1646,6053b5b0ba869b0aa71b6b23,restructure2,1,2,0.5
1647,6055eb03ba869b0aa71b7cb7,restructure2,2,2,1.0
1648,6055fb2bba869b0aa71b8107,restructure2,1,2,0.5
1649,6056499dba869b0aa71b93e0,restructure2,2,2,1.0
1650,60564ecbba869b0aa71b9627,restructure2,1,2,0.5
1651,60565047ba869b0aa71b9648,restructure2,1,2,0.5
1652,6056bc57ba869b0aa71b9923,restructure2,1,2,0.5
1653,6056ec60ba869b0aa71ba26b,restructure2,2,2,1.0
1654,60572242ba869b0aa71bd973,restructure2,3,2,1.5
1655,6058a23dba869b0aa71c0ca0,restructure2,1,2,0.5
1656,605a5ca1ba869b0aa71c848f,restructure2,3,2,1.5
1657,605a99a9ba869b0aa71c84b3,restructure2,4,2,2.0
1658,605b2cdaba869b0aa71c950f,restructure2,2,2,1.0
1659,605c4db5ba869b0aa71cde48,restructure2,3,2,1.5
1660,605cdb29ba869b0aa71d1034,restructure2,2,2,1.0
1661,605fe289ba869b0aa71d3e08,restructure2,2,2,1.0
1662,6061e1d4ba869b0aa71d7caa,restructure2,4,2,2.0
1663,6062263dba869b0aa71d7ef9,restructure2,1,2,0.5
1664,60631f96ba869b0aa71d8f4b,restructure2,15,2,7.5
1665,60633ce7ba869b0aa71d92e4,restructure2,1,2,0.5
1666,60638ea0ba869b0aa71d9f95,restructure2,3,2,1.5
1667,60652e90ba869b0aa71df5e7,restructure2,3,2,1.5
1668,6068cbbde1dff50acdb8585f,restructure2,2,2,1.0
1669,606a7e96e1dff50acdb88999,restructure2,1,2,0.5
1670,606b4911e1dff50acdb8983d,restructure2,1,2,0.5
1671,606b527ae1dff50acdb89cc1,restructure2,2,2,1.0
1672,606b7a47e1dff50acdb8ac03,restructure2,1,2,0.5
1673,607161e8e1dff50acdb9c3c2,restructure2,3,2,1.5
1674,607314dce1dff50acdb9d355,restructure2,1,2,0.5
1675,60754804e1dff50acdb9e264,restructure2,2,2,1.0
1676,6078922ae1dff50acdba00e4,restructure2,2,2,1.0
1677,608c9d49e1dff50acdba4969,restructure2,1,2,0.5
1678,608d0830e1dff50acdba4a76,restructure2,2,2,1.0
1679,6091ae07e1dff50acdba9730,restructure2,3,2,1.5
1680,6099392ad35efd0ab8825886,restructure2,13,2,6.5
1681,60a91d26d35efd0ab882663d,restructure2,5,2,2.5
