,participant,part,enjoyment,effort,motivation,worthwhile,concent,subgoals,hints,subgoalGraphics,thumbnailGraphics,other,timestamp,harderOrEasier,future
0,60112d18db5b643e9ca05469,1,5.0,2.0,5.0,5.0,5.0,5.0,5.0,5.0,5.0,"Some graphics did not appear when reading through the different sections (I can't remember which section it was, I believe it may have been the Calculate section). However, when completing the exercises, the graphics appeared and so did the information when hovering over the graphic. This is very well put together overall and was easy to follow yet very enjoyable and informative.",2021-01-27T10:30:31.211Z,,
1,60114dc2db5b643e9ca054ed,1,5.0,5.0,5.0,5.0,3.0,5.0,5.0,5.0,5.0,,2021-01-27T12:08:09.406Z,,
2,601146dadb5b643e9ca054e5,1,5.0,,3.0,4.0,3.0,5.0,5.0,,5.0,"The hints were good but sometimes they were too helpful by giving the answer away too easily. It was a good and interactive exercise, I thoroughly enjoyed the subgoals and thumbnails used.",2021-01-28T12:46:28.587Z,,
3,60114dc2db5b643e9ca054ed,3,3.0,5.0,2.0,4.0,3.0,5.0,5.0,5.0,5.0,,2021-01-28T13:48:22.293Z,,
4,60114dc2db5b643e9ca054ed,3,3.0,4.0,2.0,3.0,2.0,5.0,5.0,5.0,5.0,,2021-01-28T13:49:12.065Z,,
5,601146dadb5b643e9ca054e5,2,4.0,2.0,3.0,3.0,3.0,,,,,,2021-01-28T20:52:55.136Z,,
6,601146dadb5b643e9ca054e5,2,3.0,3.0,3.0,3.0,3.0,,,,,,2021-01-28T20:53:57.267Z,,
7,601587f68a8fb97c0541f607,1,2.0,2.0,2.0,3.0,2.0,1.0,2.0,,2.0,Questions are confusing. There language is bit confusing.,2021-01-30T18:20:31.255Z,,
8,601146dadb5b643e9ca054e5,2,3.0,2.0,3.0,3.0,3.0,,,,,,2021-01-30T21:55:20.658Z,,
9,601587f68a8fb97c0541f607,3,3.0,4.0,3.0,3.0,4.0,,,,,,2021-01-31T14:27:52.595Z,,
10,60106245db5b643e9ca0542f,1,1.0,5.0,,2.0,3.0,3.0,5.0,5.0,,,2021-02-01T17:18:28.392Z,,
11,60106245db5b643e9ca0542f,2,2.0,2.0,2.0,2.0,2.0,,,2.0,,,2021-02-01T18:20:43.807Z,,
12,60106245db5b643e9ca0542f,2,3.0,3.0,3.0,2.0,2.0,,,2.0,,,2021-02-01T18:28:16.695Z,,
13,60185e4ef8a80c12afba1014,1,5.0,4.0,4.0,5.0,4.0,5.0,5.0,4.0,5.0,,2021-02-01T21:27:35.52Z,,
14,6018f56af8a80c12afba21e0,1,4.0,4.0,5.0,5.0,4.0,5.0,3.0,,4.0,It felt like an interactive and interesting session. ,2021-02-02T07:53:49.161Z,,
15,6018f495f8a80c12afba21aa,1,3.0,2.0,5.0,2.0,5.0,4.0,5.0,,4.0,,2021-02-02T08:11:22.271Z,,
16,6018f8bbf8a80c12afba253f,1,5.0,2.0,5.0,5.0,5.0,4.0,5.0,,5.0,,2021-02-02T08:20:37.513Z,,
17,6018f3a9f8a80c12afba217e,1,4.0,5.0,1.0,2.0,5.0,1.0,1.0,,,,2021-02-02T08:31:52.516Z,,
18,6018f44df8a80c12afba219c,1,4.0,4.0,4.0,3.0,4.0,4.0,4.0,3.0,3.0,,2021-02-02T08:47:48.841Z,,
19,6018f410f8a80c12afba2194,1,5.0,5.0,5.0,4.0,5.0,5.0,5.0,,3.0,This practice session is very enjoyable and intreseting ,2021-02-02T09:03:50.853Z,,
20,6018f4bbf8a80c12afba21b3,1,5.0,5.0,4.0,3.0,5.0,4.0,5.0,5.0,5.0,,2021-02-02T09:10:38.41Z,,
21,6018f660f8a80c12afba2217,2,4.0,5.0,3.0,3.0,5.0,,,,,,2021-02-02T09:13:45.03Z,,
22,6018fd16f8a80c12afba2cd5,1,2.0,3.0,3.0,4.0,4.0,3.0,5.0,4.0,4.0,,2021-02-02T09:36:32.061Z,,
23,6018f5fef8a80c12afba21ff,1,5.0,3.0,5.0,5.0,5.0,5.0,5.0,,5.0,,2021-02-02T09:36:36.952Z,,
24,6018f517f8a80c12afba21c8,1,4.0,3.0,5.0,3.0,4.0,3.0,3.0,3.0,5.0,,2021-02-02T09:37:18.275Z,,
25,6018f9d4f8a80c12afba2793,1,4.0,5.0,5.0,5.0,5.0,5.0,4.0,,3.0,it is very helpful . ,2021-02-02T09:42:50.548Z,,
26,6018f5fff8a80c12afba2201,1,5.0,2.0,4.0,4.0,5.0,5.0,5.0,5.0,4.0,Include some more exercises for practice purposes.,2021-02-02T09:50:42.386Z,,
27,6018f495f8a80c12afba21aa,2,4.0,4.0,5.0,3.0,5.0,,,,,,2021-02-02T10:26:23.832Z,,
28,6018f660f8a80c12afba2217,3,4.0,5.0,3.0,3.0,2.0,2.0,2.0,,2.0,,2021-02-02T10:37:17.076Z,5.0,
29,60190c05f8a80c12afba4a8f,2,,,,,,,,,,,2021-02-02T10:38:53.802Z,,
30,6019249ff8a80c12afba840b,1,4.0,2.0,3.0,3.0,3.0,4.0,3.0,5.0,5.0,,2021-02-02T10:40:17.263Z,,
31,6019252af8a80c12afba8755,1,4.0,3.0,4.0,4.0,3.0,4.0,5.0,5.0,5.0,,2021-02-02T10:41:44.234Z,,
32,6018f8bbf8a80c12afba253f,2,5.0,3.0,5.0,5.0,5.0,,,,,,2021-02-02T10:46:00.55Z,,
33,601927d2f8a80c12afba9286,1,2.0,2.0,3.0,3.0,3.0,3.0,5.0,,3.0,,2021-02-02T10:46:22.78Z,,
34,60190373f8a80c12afba3a90,1,4.0,4.0,5.0,5.0,5.0,4.0,5.0,5.0,5.0,,2021-02-02T10:49:47.578Z,,
35,60190c05f8a80c12afba4a8f,2,,,,,,,,,,,2021-02-02T10:49:53.602Z,,
36,60192799f8a80c12afba9199,1,4.0,4.0,3.0,4.0,3.0,5.0,5.0,4.0,5.0,,2021-02-02T10:57:11.776Z,,
37,60192506f8a80c12afba8709,1,1.0,4.0,,2.0,,1.0,1.0,,,,2021-02-02T10:58:17.052Z,,
38,6019249ff8a80c12afba840b,2,3.0,3.0,3.0,4.0,3.0,,,3.0,,,2021-02-02T10:58:29.913Z,,
39,601926c6f8a80c12afba8eaa,1,2.0,4.0,2.0,3.0,2.0,5.0,5.0,5.0,5.0,,2021-02-02T11:00:47.117Z,,
40,60192601f8a80c12afba8aa9,1,3.0,3.0,4.0,5.0,4.0,5.0,5.0,5.0,5.0,,2021-02-02T11:00:53.466Z,,
41,6019268bf8a80c12afba8d22,1,2.0,5.0,1.0,1.0,3.0,2.0,4.0,,,,2021-02-02T11:02:10.929Z,,
42,6018f723f8a80c12afba2369,1,4.0,2.0,3.0,5.0,3.0,5.0,5.0,5.0,5.0,,2021-02-02T11:02:48.656Z,,
43,60192845f8a80c12afba9525,1,3.0,2.0,2.0,4.0,3.0,2.0,4.0,3.0,4.0,,2021-02-02T11:03:51.37Z,,
44,6018fd31f8a80c12afba2cf5,1,3.0,2.0,3.0,,4.0,1.0,3.0,,,,2021-02-02T11:03:54.295Z,,
45,6018f697f8a80c12afba2235,1,5.0,5.0,5.0,5.0,5.0,5.0,5.0,5.0,3.0,,2021-02-02T11:04:26.691Z,,
46,601925eff8a80c12afba8a91,1,2.0,3.0,,2.0,2.0,4.0,5.0,,5.0,,2021-02-02T11:05:16.093Z,,
47,6018f56af8a80c12afba21e0,2,5.0,4.0,4.0,5.0,5.0,,,,,Very engaging! ,2021-02-02T11:06:13.362Z,,
48,60190c05f8a80c12afba4a8f,2,,,,,,,,,,,2021-02-02T11:06:51.654Z,,
49,601928dff8a80c12afba988d,1,4.0,3.0,4.0,4.0,4.0,5.0,4.0,5.0,5.0,,2021-02-02T11:07:16.355Z,,
50,601924edf8a80c12afba861d,1,3.0,3.0,3.0,4.0,5.0,5.0,5.0,,5.0,"I found this exercise tricky but all the hints and pointers led me in the right direction, and I think with practise, it could become a learned skill.",2021-02-02T11:07:40.539Z,,
51,601928eef8a80c12afba98e0,1,2.0,2.0,2.0,,2.0,2.0,3.0,,3.0,,2021-02-02T11:08:08.042Z,,
52,601927cbf8a80c12afba9277,1,3.0,2.0,2.0,4.0,3.0,2.0,4.0,5.0,3.0,,2021-02-02T11:08:57.311Z,,
53,60192582f8a80c12afba892c,1,3.0,3.0,2.0,4.0,3.0,4.0,,4.0,4.0,,2021-02-02T11:10:30.7Z,,
54,6019281bf8a80c12afba93fa,1,4.0,3.0,3.0,3.0,4.0,3.0,3.0,,4.0,,2021-02-02T11:11:19.609Z,,
55,601924e3f8a80c12afba85d6,1,2.0,4.0,3.0,4.0,3.0,4.0,4.0,3.0,3.0,,2021-02-02T11:11:34.045Z,,
56,6018fe8ff8a80c12afba2fa8,1,,,,,,,,,,,2021-02-02T11:12:31.96Z,,
57,601927c8f8a80c12afba9261,1,1.0,1.0,,3.0,3.0,3.0,3.0,,,,2021-02-02T11:13:59.503Z,,
58,6018f5fff8a80c12afba2201,2,3.0,3.0,2.0,3.0,4.0,,,5.0,,Add more practice activities.,2021-02-02T11:14:09.31Z,,
59,601925c8f8a80c12afba89d6,1,3.0,5.0,4.0,5.0,4.0,5.0,5.0,,5.0,,2021-02-02T11:18:45.19Z,,
60,6019291bf8a80c12afba99cf,1,2.0,4.0,2.0,3.0,4.0,4.0,5.0,3.0,3.0,,2021-02-02T11:19:15.004Z,,
61,60192a0cf8a80c12afbaa0b1,1,2.0,2.0,2.0,4.0,3.0,3.0,4.0,3.0,2.0,,2021-02-02T11:19:15.897Z,,
62,60192610f8a80c12afba8ad7,1,3.0,3.0,4.0,4.0,3.0,5.0,5.0,4.0,5.0,,2021-02-02T11:21:08.199Z,,
63,6018f7b8f8a80c12afba2403,1,2.0,4.0,3.0,4.0,3.0,4.0,5.0,5.0,5.0,,2021-02-02T11:21:36.322Z,,
64,6019249ff8a80c12afba840b,2,4.0,3.0,3.0,4.0,4.0,,,3.0,,,2021-02-02T11:22:32.085Z,,
65,601927dbf8a80c12afba9299,1,5.0,4.0,3.0,4.0,3.0,3.0,5.0,3.0,5.0,,2021-02-02T11:28:54.937Z,,
66,601925def8a80c12afba8a6a,1,3.0,2.0,2.0,4.0,2.0,4.0,5.0,3.0,5.0,,2021-02-02T11:38:52.634Z,,
67,601926a6f8a80c12afba8dda,1,4.0,3.0,4.0,4.0,4.0,5.0,4.0,,3.0,,2021-02-02T11:46:12.128Z,,
68,60192a78f8a80c12afbaa48e,1,2.0,2.0,3.0,2.0,3.0,2.0,5.0,,5.0,i enjoy this way of learning.,2021-02-02T11:47:12.605Z,,
69,6018f3b6f8a80c12afba2184,2,5.0,4.0,5.0,5.0,5.0,,,,,,2021-02-02T11:47:20.912Z,,
70,601928dff8a80c12afba988d,2,5.0,5.0,4.0,4.0,3.0,,,4.0,,,2021-02-02T11:47:37.416Z,,
71,6018f3bcf8a80c12afba2189,1,4.0,5.0,5.0,2.0,5.0,4.0,4.0,5.0,5.0,pretty impressive,2021-02-02T11:50:09.378Z,,
72,6018f5a0f8a80c12afba21ec,1,5.0,3.0,5.0,5.0,4.0,5.0,5.0,5.0,5.0,Brilliant effort from your side for the beginners like me . It was very fruitful for me .  ,2021-02-02T11:50:58.49Z,,
73,6018f4c5f8a80c12afba21b9,2,5.0,5.0,5.0,5.0,5.0,,,,,Good plate form,2021-02-02T11:51:02.783Z,,
74,6018f3b6f8a80c12afba2184,2,5.0,5.0,5.0,5.0,5.0,,,,,,2021-02-02T11:59:31.876Z,,
75,6018f3a9f8a80c12afba217e,2,4.0,2.0,1.0,2.0,5.0,,,2.0,,,2021-02-02T12:00:48.885Z,,
76,601927d2f8a80c12afba9286,2,1.0,5.0,1.0,2.0,5.0,,,,,,2021-02-02T12:10:21.955Z,,
77,6018f5fef8a80c12afba21ff,2,5.0,3.0,5.0,5.0,4.0,,,,,,2021-02-02T12:10:46.652Z,,
78,6018f660f8a80c12afba2217,1,4.0,5.0,3.0,3.0,4.0,2.0,2.0,,2.0,,2021-02-02T12:24:13.095Z,,
79,601927d2f8a80c12afba9286,3,2.0,3.0,3.0,3.0,3.0,5.0,5.0,,4.0,,2021-02-02T12:27:24.021Z,3.0,
80,6018f6ebf8a80c12afba227b,1,4.0,4.0,2.0,3.0,4.0,4.0,5.0,3.0,4.0,,2021-02-02T12:31:30.028Z,,
81,6018f7b8f8a80c12afba2403,2,4.0,4.0,5.0,4.0,5.0,,,5.0,,,2021-02-02T12:43:01.269Z,,
82,6018f410f8a80c12afba2194,2,4.0,5.0,5.0,3.0,5.0,,,,,,2021-02-02T12:48:51.264Z,,
83,6018f660f8a80c12afba2217,3,4.0,5.0,3.0,3.0,4.0,2.0,2.0,,2.0,,2021-02-02T12:52:47.285Z,5.0,
84,6018fd16f8a80c12afba2cd5,2,3.0,4.0,3.0,4.0,4.0,,,4.0,,,2021-02-02T12:53:42.258Z,,
85,6019275ff8a80c12afba906a,1,3.0,3.0,4.0,,,,,,,,2021-02-02T12:58:16.69Z,,
86,6018f697f8a80c12afba2235,2,5.0,5.0,5.0,5.0,5.0,,,5.0,,,2021-02-02T12:59:23.243Z,,
87,60193a1cf8a80c12afbb4284,1,5.0,4.0,4.0,5.0,5.0,3.0,5.0,,3.0,,2021-02-02T13:02:47.448Z,,
88,6018f723f8a80c12afba2369,2,5.0,5.0,5.0,5.0,5.0,,,5.0,,,2021-02-02T13:27:05.164Z,,
89,6018f3bcf8a80c12afba2189,2,4.0,5.0,4.0,4.0,4.0,,,5.0,,quite interactive,2021-02-02T13:27:29.012Z,,
90,6018f517f8a80c12afba21c8,2,,5.0,2.0,2.0,2.0,,,2.0,,,2021-02-02T13:37:31.134Z,,
91,6018f44df8a80c12afba219c,2,4.0,4.0,4.0,3.0,4.0,,,3.0,,,2021-02-02T13:43:29.804Z,,
92,60191b2af8a80c12afba6602,1,5.0,4.0,5.0,5.0,5.0,5.0,5.0,5.0,5.0,,2021-02-02T13:46:30.441Z,,
93,60194527f8a80c12afbba1bf,1,5.0,4.0,4.0,4.0,5.0,4.0,5.0,,2.0,,2021-02-02T13:53:49.932Z,,
94,6018f495f8a80c12afba21aa,3,2.0,2.0,3.0,2.0,3.0,3.0,3.0,,3.0,,2021-02-02T14:07:54.221Z,2.0,"Yes
"
95,60190373f8a80c12afba3a90,2,4.0,5.0,4.0,4.0,5.0,,,4.0,,,2021-02-02T14:08:42.01Z,,
96,6018fd31f8a80c12afba2cf5,2,2.0,3.0,3.0,,4.0,,,,,,2021-02-02T14:12:04.624Z,,
97,6018f56af8a80c12afba21e0,3,3.0,5.0,4.0,5.0,5.0,5.0,4.0,,3.0,,2021-02-02T14:29:52.901Z,3.0,Yes absolutely! I learned very interesting things today
98,6018f3bcf8a80c12afba2189,3,5.0,4.0,4.0,5.0,4.0,5.0,5.0,4.0,4.0,,2021-02-02T15:42:07.585Z,5.0,Yeah! I got some new skills which will help in data wrangling.
99,601963bff8a80c12afbc316c,1,4.0,4.0,4.0,5.0,5.0,3.0,4.0,3.0,3.0,,2021-02-02T15:58:21.941Z,,
100,6018fd16f8a80c12afba2cd5,3,2.0,4.0,4.0,3.0,,,,,2.0,,2021-02-02T15:58:45.246Z,4.0,
101,60193a1cf8a80c12afbb4284,2,4.0,5.0,3.0,4.0,5.0,,,,,,2021-02-02T16:03:15.713Z,,
102,60190c05f8a80c12afba4a8f,1,,,,,,,,,,,2021-02-02T16:26:26.827Z,,
103,6018f4bbf8a80c12afba21b3,3,4.0,5.0,4.0,3.0,5.0,5.0,4.0,5.0,4.0,,2021-02-02T16:46:25.136Z,5.0,yes
104,60196af9f8a80c12afbc4bac,1,1.0,1.0,1.0,1.0,,,,,,,2021-02-02T16:51:11.206Z,,
105,601927c8f8a80c12afba9261,2,2.0,2.0,3.0,2.0,2.0,,,,,,2021-02-02T16:58:03.74Z,,
106,601927c8f8a80c12afba9261,2,2.0,2.0,2.0,2.0,2.0,,,,,,2021-02-02T17:01:24.473Z,,
107,60192845f8a80c12afba9525,2,4.0,5.0,4.0,4.0,4.0,,,3.0,,,2021-02-02T17:03:56.588Z,,
108,6018fd31f8a80c12afba2cf5,3,2.0,5.0,4.0,,5.0,4.0,5.0,,3.0,,2021-02-02T17:32:01.741Z,5.0,
109,60190373f8a80c12afba3a90,3,4.0,4.0,4.0,3.0,,5.0,5.0,5.0,4.0,,2021-02-02T17:57:16.31Z,3.0,
110,6018f697f8a80c12afba2235,3,5.0,5.0,5.0,5.0,5.0,5.0,5.0,5.0,5.0,,2021-02-02T18:12:15.698Z,5.0,
111,6018f7b8f8a80c12afba2403,3,2.0,5.0,3.0,4.0,4.0,5.0,5.0,4.0,3.0,,2021-02-02T18:14:35.107Z,4.0,
112,6018f8bbf8a80c12afba253f,3,3.0,5.0,3.0,4.0,5.0,5.0,5.0,,5.0,,2021-02-02T18:17:42.744Z,3.0,"Yes, uptil now I got lot of information about dealing with Data using Python."
113,60194527f8a80c12afbba1bf,2,5.0,3.0,2.0,2.0,2.0,,,,,,2021-02-02T18:20:53.051Z,,
114,6018f6f3f8a80c12afba2286,1,5.0,5.0,5.0,5.0,5.0,5.0,5.0,,5.0,it is very usefull,2021-02-02T18:24:52.411Z,,
115,60193a1cf8a80c12afbb4284,3,5.0,4.0,5.0,3.0,5.0,4.0,5.0,,4.0,,2021-02-02T18:40:26.083Z,5.0,
116,6018f410f8a80c12afba2194,3,3.0,5.0,5.0,3.0,5.0,4.0,5.0,,3.0,,2021-02-02T19:10:23.404Z,5.0,
117,6018f6ebf8a80c12afba227b,2,4.0,3.0,4.0,2.0,4.0,,,2.0,,,2021-02-02T19:10:35.512Z,,
118,6018f5fef8a80c12afba21ff,3,4.0,5.0,4.0,4.0,4.0,5.0,5.0,,5.0,,2021-02-02T19:12:36.019Z,4.0,
119,60191b2af8a80c12afba6602,2,3.0,5.0,3.0,3.0,4.0,,,5.0,,,2021-02-02T19:16:34.538Z,,
120,6018f44df8a80c12afba219c,3,3.0,4.0,3.0,3.0,4.0,4.0,4.0,4.0,3.0,,2021-02-02T19:17:09.876Z,3.0,Yes
121,6018f517f8a80c12afba21c8,3,2.0,2.0,3.0,2.0,2.0,3.0,2.0,3.0,3.0,This was good!,2021-02-02T19:33:00.171Z,4.0,"Yes, now i have a little bit new."
122,6019275ff8a80c12afba906a,2,5.0,4.0,4.0,3.0,4.0,,,,,,2021-02-02T20:00:25.807Z,,
123,6019275ff8a80c12afba906a,2,,,,,,,,,,,2021-02-02T20:02:13.937Z,,
124,6019291bf8a80c12afba99cf,2,1.0,5.0,1.0,3.0,5.0,,,2.0,,,2021-02-02T20:15:50.312Z,,
125,6018f3b6f8a80c12afba2184,3,5.0,5.0,5.0,2.0,5.0,5.0,5.0,,5.0,,2021-02-02T20:21:39.633Z,4.0,
126,6018f3a9f8a80c12afba217e,3,3.0,2.0,5.0,2.0,1.0,,3.0,2.0,2.0,,2021-02-02T20:25:47.221Z,2.0,
127,6018f5a0f8a80c12afba21ec,2,3.0,3.0,5.0,5.0,4.0,,,5.0,,i enjoyed this session. superb effort from your side ,2021-02-03T00:16:06.487Z,,
128,601a16cef8a80c12afbd712f,1,,,,,,,,,,,2021-02-03T04:16:48.904Z,,
129,6019275ff8a80c12afba906a,3,4.0,4.0,4.0,3.0,,4.0,4.0,,,,2021-02-03T04:31:19.121Z,,
130,6018f6f3f8a80c12afba2286,2,5.0,5.0,5.0,5.0,5.0,,,,,it is very usful,2021-02-03T04:57:44.606Z,,
131,60190c05f8a80c12afba4a8f,2,,,,,,,,,,,2021-02-03T05:00:09.976Z,,
132,6018f6f3f8a80c12afba2286,2,5.0,3.0,4.0,2.0,3.0,,,,,it is usefull,2021-02-03T05:02:44.021Z,,
133,6018f723f8a80c12afba2369,3,3.0,4.0,4.0,5.0,3.0,5.0,5.0,5.0,5.0,,2021-02-03T05:10:28.303Z,4.0,
134,6018f6f3f8a80c12afba2286,2,4.0,2.0,3.0,2.0,4.0,,,,,,2021-02-03T05:13:57.01Z,,
135,6018f5a0f8a80c12afba21ec,3,,5.0,2.0,,4.0,,4.0,5.0,5.0,,2021-02-03T05:58:11.382Z,3.0,yes In Sha Allah!
136,601963bff8a80c12afbc316c,2,4.0,5.0,4.0,5.0,4.0,,,3.0,,"very helpfull
",2021-02-03T06:31:18.812Z,,
137,601a3a2ef8a80c12afbda079,1,5.0,5.0,4.0,4.0,5.0,4.0,5.0,,5.0,i like it soo much,2021-02-03T07:21:28.323Z,,
138,601963bff8a80c12afbc316c,3,5.0,5.0,5.0,5.0,5.0,3.0,4.0,4.0,4.0,there should be introduce a little test in last of the course to check the skills .the test must have no subgoals or hints.,2021-02-03T08:37:26.214Z,3.0,it really helped me a lot in polishing my skills.i learnt many new things.
139,60191b2af8a80c12afba6602,3,2.0,5.0,3.0,2.0,4.0,2.0,5.0,5.0,4.0,,2021-02-03T08:53:01.898Z,4.0,
140,6018f6ebf8a80c12afba227b,3,2.0,2.0,,,,,,,,,2021-02-03T09:23:07.136Z,,
141,6018f6f3f8a80c12afba2286,3,4.0,3.0,5.0,2.0,3.0,4.0,3.0,,4.0,,2021-02-03T10:45:57.422Z,2.0,
142,6018f4bbf8a80c12afba21b3,2,4.0,5.0,4.0,4.0,5.0,,,5.0,,,2021-02-03T14:27:16.891Z,,
143,60190c05f8a80c12afba4a8f,3,,,,,,,,,,,2021-02-03T14:43:51.97Z,,
144,6018f4bbf8a80c12afba21b3,3,5.0,5.0,5.0,4.0,4.0,5.0,5.0,5.0,4.0,,2021-02-03T16:07:32.108Z,4.0,yes
145,6018f733f8a80c12afba2374,1,4.0,4.0,5.0,,4.0,4.0,4.0,,4.0,,2021-02-03T18:33:25.901Z,,
146,60194527f8a80c12afbba1bf,3,5.0,3.0,3.0,3.0,4.0,5.0,5.0,,4.0,,2021-02-04T04:39:51.202Z,4.0,
147,601ba4acf8a80c12afbdee12,1,5.0,5.0,5.0,5.0,5.0,5.0,5.0,5.0,5.0,,2021-02-04T09:09:00.277Z,,
148,601b8f72f8a80c12afbde80a,3,4.0,5.0,5.0,5.0,4.0,5.0,4.0,,3.0,very motivative for intermediate python user,2021-02-04T10:29:01.566Z,4.0,yes
149,6018f733f8a80c12afba2374,2,4.0,3.0,5.0,4.0,4.0,,,,,,2021-02-04T12:39:35.274Z,,
150,601ba4acf8a80c12afbdee12,2,5.0,5.0,5.0,5.0,5.0,,,5.0,,,2021-02-04T14:19:47.829Z,,
151,601c0172f8a80c12afbe19d1,1,1.0,3.0,1.0,1.0,2.0,1.0,3.0,,2.0,,2021-02-04T14:37:14.232Z,,
152,601c0004f8a80c12afbe1803,1,3.0,3.0,1.0,2.0,1.0,3.0,1.0,5.0,5.0,,2021-02-04T14:37:46.008Z,,
153,601c0036f8a80c12afbe1824,1,3.0,2.0,3.0,3.0,2.0,3.0,4.0,4.0,5.0,,2021-02-04T14:41:29.748Z,,
154,601c0102f8a80c12afbe18ed,1,1.0,1.0,1.0,1.0,3.0,4.0,5.0,,5.0,,2021-02-04T14:45:19.76Z,,
155,601c0011f8a80c12afbe180d,1,3.0,2.0,3.0,5.0,3.0,5.0,5.0,,5.0,The graphics for each operation are very helpful,2021-02-04T14:45:48.038Z,,
156,601c00b3f8a80c12afbe18a3,1,4.0,3.0,4.0,3.0,3.0,4.0,5.0,,5.0,,2021-02-04T14:45:48.539Z,,
157,601c011ff8a80c12afbe1926,1,4.0,2.0,3.0,5.0,5.0,5.0,5.0,5.0,5.0,,2021-02-04T14:48:34.137Z,,
158,601c0119f8a80c12afbe1910,1,3.0,4.0,3.0,4.0,2.0,4.0,5.0,,3.0,,2021-02-04T14:50:29.666Z,,
159,601c00c4f8a80c12afbe18aa,1,3.0,3.0,1.0,4.0,2.0,4.0,4.0,4.0,1.0,,2021-02-04T14:50:49.68Z,,
160,601c018ef8a80c12afbe19fe,1,4.0,3.0,3.0,3.0,2.0,4.0,3.0,4.0,3.0,,2021-02-04T14:51:03.257Z,,
161,601c01a9f8a80c12afbe1a26,1,3.0,2.0,3.0,3.0,3.0,4.0,4.0,,4.0,,2021-02-04T14:53:00.396Z,,
162,601c0125f8a80c12afbe192d,1,4.0,3.0,3.0,4.0,4.0,4.0,5.0,4.0,4.0,,2021-02-04T14:53:47.834Z,,
163,601c00e0f8a80c12afbe18d7,1,3.0,2.0,2.0,3.0,3.0,3.0,4.0,,4.0,,2021-02-04T14:53:50.083Z,,
164,601c014ef8a80c12afbe1964,1,4.0,2.0,4.0,3.0,4.0,5.0,4.0,,4.0,,2021-02-04T14:54:44.392Z,,
165,601c0246f8a80c12afbe1b2d,1,4.0,3.0,4.0,5.0,3.0,5.0,5.0,5.0,5.0,,2021-02-04T14:55:34.385Z,,
166,601c018df8a80c12afbe19f8,1,3.0,4.0,3.0,2.0,4.0,5.0,5.0,,5.0,,2021-02-04T14:56:07.497Z,,
167,601c005ff8a80c12afbe185f,1,1.0,2.0,1.0,1.0,2.0,1.0,3.0,,,,2021-02-04T14:58:32.647Z,,
168,601c02c4f8a80c12afbe1d5d,1,1.0,3.0,1.0,1.0,3.0,3.0,3.0,,3.0,,2021-02-04T14:58:35.438Z,,
169,601c019af8a80c12afbe1a13,1,4.0,3.0,4.0,4.0,3.0,4.0,5.0,,5.0,,2021-02-04T14:58:47.701Z,,
170,601c0143f8a80c12afbe1959,1,2.0,3.0,2.0,4.0,3.0,4.0,5.0,,5.0,,2021-02-04T15:00:58.983Z,,
171,601c014cf8a80c12afbe1961,1,3.0,4.0,3.0,4.0,5.0,5.0,5.0,4.0,5.0,,2021-02-04T15:01:10.314Z,,
172,601c0028f8a80c12afbe1819,1,4.0,4.0,3.0,3.0,4.0,4.0,5.0,,5.0,,2021-02-04T15:01:12.772Z,,
173,601c005ef8a80c12afbe185c,1,3.0,3.0,4.0,4.0,3.0,5.0,3.0,,5.0,,2021-02-04T15:02:00.062Z,,
174,601c0004f8a80c12afbe1803,2,4.0,3.0,3.0,3.0,2.0,,,3.0,,,2021-02-04T15:03:02.937Z,,
175,601c003af8a80c12afbe1828,1,4.0,4.0,4.0,4.0,3.0,4.0,5.0,,5.0,,2021-02-04T15:04:47.88Z,,
176,601c0016f8a80c12afbe1810,1,3.0,3.0,3.0,3.0,4.0,3.0,3.0,3.0,3.0,,2021-02-04T15:05:42.806Z,,
177,601c013cf8a80c12afbe1953,1,2.0,4.0,5.0,2.0,5.0,3.0,4.0,4.0,4.0,,2021-02-04T15:05:54.516Z,,
178,601c019af8a80c12afbe1a13,1,5.0,5.0,5.0,5.0,3.0,4.0,4.0,,3.0,,2021-02-04T15:09:11.606Z,,
179,601c0122f8a80c12afbe192a,1,2.0,4.0,3.0,3.0,5.0,3.0,5.0,,5.0,,2021-02-04T15:09:54.521Z,,
180,601c0130f8a80c12afbe193e,1,2.0,3.0,3.0,4.0,2.0,5.0,5.0,,5.0,,2021-02-04T15:13:09.936Z,,
181,601c025ef8a80c12afbe1b80,1,3.0,4.0,3.0,4.0,5.0,4.0,5.0,,5.0,,2021-02-04T15:23:09.741Z,,
182,601c00e0f8a80c12afbe18d7,2,4.0,4.0,3.0,4.0,3.0,,,,,,2021-02-04T15:23:11.453Z,,
183,601c0063f8a80c12afbe1862,1,3.0,4.0,3.0,5.0,3.0,,4.0,,5.0,,2021-02-04T15:23:36.308Z,,
184,601c0036f8a80c12afbe1824,2,2.0,3.0,2.0,3.0,2.0,,,4.0,,,2021-02-04T15:24:04.927Z,,
185,601c02a8f8a80c12afbe1c99,1,1.0,4.0,2.0,2.0,2.0,3.0,4.0,3.0,3.0,,2021-02-04T15:24:32.247Z,,
186,601c0284f8a80c12afbe1c4d,1,,2.0,,2.0,2.0,2.0,5.0,,3.0,,2021-02-04T15:26:43.107Z,,
187,601c018ef8a80c12afbe19fe,2,5.0,4.0,4.0,4.0,4.0,,,5.0,,,2021-02-04T15:28:24.104Z,,
188,601c0119f8a80c12afbe1910,2,3.0,4.0,4.0,3.0,4.0,,,,,,2021-02-04T15:33:12.634Z,,
189,601c0153f8a80c12afbe196c,1,4.0,3.0,4.0,4.0,3.0,3.0,4.0,3.0,3.0,,2021-02-04T15:34:54.054Z,,
190,601c014ef8a80c12afbe1964,2,4.0,4.0,4.0,4.0,4.0,,,,,,2021-02-04T15:40:51.585Z,,
191,601c0011f8a80c12afbe180d,2,5.0,3.0,5.0,5.0,5.0,,,,,That was so much fun! Maybe programming isn't that scary afterall!,2021-02-04T15:44:37.248Z,,
192,601c030cf8a80c12afbe1e3f,1,5.0,5.0,4.0,4.0,5.0,5.0,5.0,5.0,5.0,,2021-02-04T15:48:55.954Z,,
193,601c0175f8a80c12afbe19d7,1,1.0,1.0,1.0,3.0,1.0,1.0,4.0,3.0,5.0,feel it would be better to run the actual program in combination with the guide,2021-02-04T15:49:23.111Z,,
194,601a16cef8a80c12afbd712f,2,,,,,,,,,,,2021-02-04T16:41:30.619Z,,
195,601c01a9f8a80c12afbe1a26,3,3.0,5.0,2.0,3.0,3.0,5.0,5.0,,3.0,,2021-02-04T17:10:47.611Z,3.0,
196,601c2b20f8a80c12afbefe74,2,5.0,5.0,5.0,5.0,5.0,,,,,,2021-02-04T18:02:41.777Z,,
197,601c003af8a80c12afbe1828,2,4.0,5.0,4.0,3.0,3.0,,,,,,2021-02-04T18:30:52.677Z,,
198,601ba4acf8a80c12afbdee12,3,5.0,5.0,5.0,5.0,5.0,5.0,5.0,5.0,5.0,,2021-02-04T18:38:41.619Z,3.0,
199,601c0122f8a80c12afbe192a,2,5.0,5.0,4.0,5.0,5.0,,,,,,2021-02-04T20:51:31.641Z,,
200,601c0246f8a80c12afbe1b2d,2,5.0,4.0,5.0,5.0,5.0,,,5.0,,,2021-02-04T21:17:34.845Z,,
201,601a9107f8a80c12afbdcee7,1,5.0,5.0,5.0,5.0,5.0,5.0,5.0,,5.0,,2021-02-05T05:11:56.116Z,,
202,6018f733f8a80c12afba2374,3,5.0,4.0,4.0,4.0,4.0,4.0,4.0,,3.0,,2021-02-05T10:55:03.156Z,3.0,
203,601a16cef8a80c12afbd712f,3,,,,,,,,,,,2021-02-05T11:07:58.401Z,,
204,601d2755a6af0b0a8bd18def,1,2.0,1.0,2.0,,,3.0,5.0,,5.0,,2021-02-05T11:47:37.271Z,,
205,6014329e8a8fb97c0541f5d3,1,3.0,3.0,2.0,4.0,3.0,4.0,4.0,5.0,5.0,,2021-02-05T13:09:56.462Z,,
206,601d2755a6af0b0a8bd18def,2,5.0,3.0,5.0,5.0,4.0,,,,,,2021-02-05T13:25:02.474Z,,
207,601c018ef8a80c12afbe19fe,3,2.0,3.0,2.0,2.0,2.0,4.0,4.0,4.0,4.0,"The first tasks were challenging but possible to do, hence I enjoyed doing them. However, then the tasks got too complex and I completely lost motivation to do them, as it felt that I will not remember the used operations anyway, so why should I put effort into learning them.",2021-02-05T14:49:52.201Z,3.0,
208,601a9107f8a80c12afbdcee7,3,5.0,5.0,5.0,5.0,5.0,1.0,5.0,,5.0,,2021-02-05T16:23:54.903Z,5.0,
209,6018fe8ff8a80c12afba2fa8,2,,,,,,,,,,,2021-02-05T17:38:17.79Z,,
210,601a3a2ef8a80c12afbda079,3,5.0,3.0,4.0,4.0,4.0,4.0,3.0,,2.0,,2021-02-05T17:51:54.676Z,4.0,
211,601d6caaa6af0b0a8bd1badb,1,3.0,5.0,4.0,5.0,4.0,3.0,5.0,,5.0,,2021-02-05T17:53:03.997Z,,
212,6018fe8ff8a80c12afba2fa8,3,,,,,,,,,,,2021-02-05T18:34:43.613Z,,
213,601c0246f8a80c12afbe1b2d,2,5.0,5.0,5.0,5.0,5.0,,,5.0,,,2021-02-05T20:33:30.52Z,,
214,601c0246f8a80c12afbe1b2d,3,4.0,4.0,3.0,4.0,3.0,5.0,5.0,5.0,5.0,,2021-02-05T21:57:57.568Z,5.0,
215,6018fb66f8a80c12afba2a0e,1,5.0,5.0,5.0,5.0,5.0,5.0,5.0,,3.0,,2021-02-06T06:48:25.653Z,,
216,6018fb66f8a80c12afba2a0e,2,3.0,4.0,3.0,4.0,3.0,,,,,,2021-02-06T07:21:40.057Z,,
217,6018fb66f8a80c12afba2a0e,3,2.0,3.0,3.0,3.0,3.0,3.0,2.0,,3.0,,2021-02-06T08:11:44.44Z,3.0,
218,601d6caaa6af0b0a8bd1badb,2,4.0,4.0,5.0,5.0,4.0,,,,,,2021-02-07T16:14:11.926Z,,
219,6019290ff8a80c12afba996f,1,4.0,4.0,3.0,3.0,4.0,5.0,5.0,,4.0,,2021-02-07T19:34:40.023Z,,
220,6019290ff8a80c12afba996f,2,5.0,5.0,5.0,3.0,2.0,,,,,,2021-02-08T00:16:21.755Z,,
221,6018f4c5f8a80c12afba21b9,2,5.0,5.0,5.0,5.0,5.0,,,,,,2021-02-08T04:45:55.153Z,,
222,60193331f8a80c12afbaedd5,1,3.0,4.0,3.0,4.0,3.0,3.0,3.0,,5.0,,2021-02-08T06:06:29.691Z,,
223,6019290ff8a80c12afba996f,2,4.0,4.0,3.0,3.0,3.0,,,,,,2021-02-08T10:18:55.174Z,,
224,6019290ff8a80c12afba996f,2,5.0,5.0,4.0,4.0,4.0,,,,,,2021-02-08T10:20:40.853Z,,
225,6019290ff8a80c12afba996f,2,5.0,5.0,4.0,4.0,4.0,,,,,,2021-02-08T10:22:09.614Z,,
226,6019290ff8a80c12afba996f,2,5.0,4.0,4.0,4.0,4.0,,,,,,2021-02-08T10:23:16.071Z,,
227,6019290ff8a80c12afba996f,3,5.0,5.0,5.0,4.0,3.0,3.0,3.0,,3.0,,2021-02-08T14:19:37.066Z,4.0,
228,6019290ff8a80c12afba996f,3,5.0,5.0,4.0,4.0,3.0,3.0,3.0,,3.0,,2021-02-08T14:45:20.261Z,4.0,
229,601c013cf8a80c12afbe1953,2,5.0,3.0,4.0,5.0,5.0,,,4.0,,,2021-02-08T18:49:02.681Z,,
230,6021968ea6af0b0a8bd27418,1,5.0,2.0,2.0,4.0,3.0,5.0,4.0,,2.0,,2021-02-08T20:19:41.467Z,,
231,6021968ea6af0b0a8bd27418,2,5.0,3.0,5.0,5.0,4.0,,,,,"Likes this part much more, since I could experiment with what would happen and guess what the correct code could be :)",2021-02-08T21:04:24.688Z,,
232,601f3546a6af0b0a8bd1e5fd,1,4.0,2.0,3.0,3.0,2.0,4.0,5.0,4.0,5.0,,2021-02-08T22:13:48.559Z,,
233,601f3546a6af0b0a8bd1e5fd,2,4.0,3.0,4.0,3.0,4.0,,,5.0,,,2021-02-09T00:02:34.193Z,,
234,6018f4c5f8a80c12afba21b9,2,5.0,5.0,5.0,5.0,5.0,,,,,,2021-02-09T03:01:26.637Z,,
235,6018f4c5f8a80c12afba21b9,2,5.0,5.0,5.0,5.0,5.0,,,,,,2021-02-09T03:04:59.265Z,,
236,601c0011f8a80c12afbe180d,3,4.0,5.0,4.0,5.0,3.0,5.0,5.0,,3.0,I found it difficult at times to understand why some of the subgoals were necessary,2021-02-09T16:46:32.982Z,5.0,I'll have to practice more but I hope so!
237,601928dff8a80c12afba988d,3,3.0,2.0,2.0,3.0,3.0,5.0,5.0,5.0,4.0,,2021-02-09T18:24:07.061Z,5.0,
238,601926a6f8a80c12afba8dda,2,1.0,5.0,3.0,3.0,3.0,,,,,,2021-02-10T16:33:55.716Z,,
239,6014329e8a8fb97c0541f5d3,2,2.0,4.0,3.0,5.0,4.0,,,5.0,,,2021-02-10T17:29:42.199Z,,
240,601d6caaa6af0b0a8bd1badb,2,4.0,4.0,4.0,5.0,4.0,,,,,,2021-02-12T10:16:40.2Z,,
241,601c0063f8a80c12afbe1862,2,,,,,,,,,,"it would be good if there was help pop ups if someone was particularly stuck on one part, and offer hints on where your going wrong",2021-02-12T20:16:35.881Z,,
242,60192601f8a80c12afba8aa9,2,4.0,5.0,2.0,3.0,4.0,,,5.0,,,2021-02-12T22:47:08.296Z,,
243,60192601f8a80c12afba8aa9,3,2.0,5.0,1.0,2.0,3.0,2.0,2.0,1.0,2.0,,2021-02-13T12:09:33.359Z,5.0,
244,60185e4ef8a80c12afba1014,2,5.0,4.0,5.0,5.0,4.0,,,5.0,,,2021-02-13T15:15:29.837Z,,
245,601925def8a80c12afba8a6a,2,2.0,5.0,2.0,3.0,5.0,,,2.0,,,2021-02-13T19:03:41.89Z,,
246,601925def8a80c12afba8a6a,3,3.0,5.0,3.0,4.0,5.0,5.0,5.0,2.0,5.0,,2021-02-13T20:52:55.208Z,4.0,probably not a lot as its still confusing to me. I may do it all over again to try and understand it more as its a lot to take in.
247,6021968ea6af0b0a8bd27418,3,4.0,5.0,3.0,5.0,3.0,5.0,5.0,,1.0,"This was really good! Only thing is that it's really frustrating as sometimes when you're clicking through the taxonomy and realise your code is wrong and press return, the page will go back and you will lose all your progress (happened to me a couple of times!). Another thing is also that I'm not entirely sure when you're supposed to use .column_name and when ['column_name'] when calling columns in some functions. I think this was specifically confusing for me in one of the last excersises where you have to calucalate a mean? Anyways I really enjoyed how the difficulty went up with time and slowly there were way more things you had to figure out during a single subgoal.",2021-02-13T21:37:08.415Z,3.0,Abosolutely! Really want to get more into this now to understand some more of how this language functions
248,601c003af8a80c12afbe1828,3,2.0,5.0,3.0,3.0,2.0,5.0,5.0,,4.0,,2021-02-14T18:11:38.854Z,5.0,Yes
249,601c013cf8a80c12afbe1953,3,5.0,3.0,4.0,5.0,4.0,5.0,5.0,4.0,5.0,,2021-02-15T10:21:38.797Z,3.0,
250,601d6caaa6af0b0a8bd1badb,3,3.0,5.0,3.0,5.0,4.0,5.0,5.0,,5.0,"As someone who was very new to data programming, I found that the course took me significantly longer to complete than the estimated times given. This wasn't a problem but it would have been good to know in advance.",2021-02-15T17:59:32.052Z,5.0,"I'm unsure whether I will have the opportunity to put my new skills into practice, however I am hopeful that it will be beneficial to my CV."
251,602956fda6af0b0a8bd34b4d,3,4.0,3.0,4.0,2.0,3.0,4.0,3.0,5.0,3.0,,2021-02-16T05:26:22.79Z,2.0,
252,602956fda6af0b0a8bd34b4d,1,5.0,3.0,5.0,3.0,5.0,3.0,4.0,4.0,3.0,intrusting,2021-02-16T06:13:42.914Z,,
253,601ad24ff8a80c12afbdde77,1,4.0,4.0,4.0,4.0,4.0,2.0,4.0,3.0,3.0,,2021-02-16T13:43:39.956Z,,
254,60185e4ef8a80c12afba1014,3,5.0,3.0,4.0,5.0,4.0,5.0,5.0,5.0,4.0,,2021-02-16T18:15:14.951Z,3.0,yes
255,601beec0f8a80c12afbe12ac,1,5.0,5.0,5.0,5.0,5.0,5.0,5.0,5.0,5.0,,2021-02-17T06:17:55.638Z,,
256,602a3ccea6af0b0a8bd3716d,1,3.0,3.0,3.0,3.0,3.0,3.0,3.0,,3.0,,2021-02-18T11:20:20.015Z,,
257,602f0596a6af0b0a8bd3b61b,2,,,,,,,,,,,2021-02-19T06:10:23.351Z,,
258,602f0596a6af0b0a8bd3b61b,3,,,,,,,,,,,2021-02-19T11:01:29.445Z,,
259,602f0596a6af0b0a8bd3b61b,3,,,,,,,,,,,2021-02-19T12:16:07.91Z,,
260,602f7b89a6af0b0a8bd3bddd,3,3.0,5.0,2.0,4.0,2.0,2.0,4.0,,2.0,,2021-02-19T14:32:42.186Z,3.0,
261,60112d18db5b643e9ca05469,2,5.0,4.0,5.0,5.0,4.0,,,5.0,,Very enjoyable and all the information needed was provided.,2021-02-20T00:43:06.571Z,,
262,601925c8f8a80c12afba89d6,2,3.0,5.0,3.0,3.0,3.0,,,,,,2021-02-20T03:57:44.897Z,,
263,602ee3d9a6af0b0a8bd3b607,1,4.0,3.0,4.0,5.0,3.0,5.0,5.0,5.0,4.0,The visuals were the reason it was understood what one did. ,2021-02-20T09:55:56.586Z,,
264,60311173a6af0b0a8bd3ff53,1,3.0,4.0,3.0,3.0,4.0,5.0,5.0,5.0,5.0,,2021-02-20T14:18:21.774Z,,
265,6032151aa6af0b0a8bd41497,1,4.0,3.0,3.0,4.0,3.0,4.0,4.0,3.0,5.0,,2021-02-21T11:05:36.245Z,,
266,6032151aa6af0b0a8bd41497,2,5.0,3.0,3.0,3.0,3.0,,,4.0,,,2021-02-21T11:41:56.656Z,,
267,601c00b3f8a80c12afbe18a3,2,3.0,3.0,3.0,3.0,2.0,,,,,,2021-02-21T19:06:53.965Z,,
268,601c019bf8a80c12afbe1a15,2,3.0,4.0,3.0,3.0,3.0,,,4.0,,,2021-02-22T13:29:07.815Z,,
269,601c0004f8a80c12afbe1803,2,3.0,4.0,4.0,3.0,4.0,,,3.0,,,2021-02-22T15:33:42.983Z,,
270,601c0004f8a80c12afbe1803,3,3.0,3.0,4.0,4.0,3.0,3.0,3.0,3.0,2.0,,2021-02-22T16:50:59.129Z,3.0,
271,602a3ccea6af0b0a8bd3716d,2,3.0,3.0,3.0,3.0,3.0,,,,,,2021-02-22T17:28:30.868Z,,
272,601c0130f8a80c12afbe193e,2,2.0,3.0,2.0,4.0,4.0,,,,,,2021-02-23T14:35:09.791Z,,
273,601c019bf8a80c12afbe1a15,3,2.0,4.0,2.0,2.0,3.0,5.0,5.0,5.0,5.0,,2021-02-24T15:08:33.173Z,5.0,
274,602a3ccea6af0b0a8bd3716d,3,3.0,3.0,3.0,3.0,3.0,3.0,3.0,,3.0,,2021-02-24T18:45:28.369Z,3.0,
275,601c005ef8a80c12afbe185c,2,4.0,5.0,3.0,4.0,3.0,,,,,,2021-02-24T19:13:39.317Z,,
276,601c014cf8a80c12afbe1961,2,5.0,5.0,5.0,5.0,5.0,,,5.0,,,2021-02-24T22:54:54.176Z,,
277,601926a6f8a80c12afba8dda,3,3.0,5.0,3.0,4.0,4.0,5.0,3.0,,2.0,,2021-02-25T16:21:14.901Z,4.0,
278,601c0143f8a80c12afbe1959,2,,,,,,,,,,,2021-02-25T16:50:23.644Z,,
279,601c0143f8a80c12afbe1959,3,1.0,5.0,2.0,5.0,4.0,5.0,5.0,,3.0,,2021-02-26T15:40:40.295Z,5.0,yes!
280,60390376a6af0b0a8bd49f38,1,3.0,4.0,5.0,4.0,4.0,4.0,5.0,,5.0,,2021-02-26T15:56:34.123Z,,
281,60390376a6af0b0a8bd49f38,2,5.0,4.0,5.0,5.0,5.0,,,,,,2021-02-26T20:07:48.462Z,,
282,603648baa6af0b0a8bd4631e,1,2.0,1.0,,4.0,3.0,,5.0,,3.0,,2021-02-27T14:23:34.683Z,,
283,603a8e8ba6af0b0a8bd4c64e,1,4.0,2.0,4.0,5.0,2.0,5.0,3.0,4.0,5.0,,2021-02-27T18:58:08.304Z,,
284,603a8e8ba6af0b0a8bd4c64e,2,,,,,,,,,,,2021-02-27T21:57:15.32Z,,
285,603648baa6af0b0a8bd4631e,2,2.0,5.0,2.0,3.0,4.0,,,,,,2021-02-28T19:10:04.024Z,,
286,603648baa6af0b0a8bd4631e,3,2.0,5.0,2.0,4.0,4.0,5.0,5.0,,5.0,"Some glitches and by about q10 of part 3 I struggled so much as it got really difficult extremely quickly and I didn't and still don't really understand how to use and combine different types of commands in one string of code, but overall good ",2021-03-01T00:41:39.475Z,5.0,Potentially
287,60390376a6af0b0a8bd49f38,3,4.0,5.0,4.0,5.0,5.0,5.0,5.0,,4.0,lost my mind a little on second last one - had to use hints more than I would have liked - would never have thought to merge the tables!,2021-03-01T20:47:10.674Z,4.0,yes ! even if not in python could imagine the techniques are useful with any language
288,601c014cf8a80c12afbe1961,2,5.0,5.0,5.0,5.0,5.0,,,5.0,,,2021-03-11T11:14:36.398Z,,
289,601c014cf8a80c12afbe1961,3,2.0,5.0,3.0,3.0,3.0,5.0,5.0,5.0,5.0,,2021-03-11T20:34:16.743Z,3.0,
290,601c0063f8a80c12afbe1862,3,4.0,5.0,3.0,5.0,5.0,5.0,4.0,,5.0,"it would be good for a search function in the left hand tab, to possibly speed up the process",2021-03-12T11:41:54.524Z,5.0,probably unlikely in the career I'm heading to 
291,604c56b5ba869b0aa718f41e,1,5.0,3.0,5.0,,5.0,5.0,5.0,,,,2021-03-13T07:17:17.685Z,,
292,603d7455a6af0b0a8bd53507,1,5.0,5.0,5.0,5.0,5.0,5.0,5.0,5.0,5.0,,2021-03-13T07:49:09.948Z,,
293,603d7455a6af0b0a8bd53507,2,5.0,5.0,5.0,5.0,5.0,,,5.0,,,2021-03-13T08:03:54.051Z,,
294,603d7455a6af0b0a8bd53507,2,5.0,5.0,5.0,5.0,5.0,,,5.0,,,2021-03-13T08:04:48.707Z,,
295,603d7455a6af0b0a8bd53507,2,,,,,,,,,,,2021-03-13T08:06:11.454Z,,
296,603d7455a6af0b0a8bd53507,2,,,,,,,,,,,2021-03-13T08:14:44.682Z,,
297,604c56b5ba869b0aa718f41e,2,4.0,5.0,3.0,3.0,3.0,,,,,,2021-03-13T08:17:10.388Z,,
298,603d7455a6af0b0a8bd53507,2,,,,,,,,,,,2021-03-13T08:18:35.24Z,,
299,604c56b5ba869b0aa718f41e,3,2.0,5.0,1.0,2.0,2.0,3.0,5.0,,3.0,,2021-03-13T09:58:44.794Z,3.0,
300,603d7455a6af0b0a8bd53507,2,,,,,,,,,,,2021-03-13T10:46:16.684Z,,
301,604c8482ba869b0aa71912a0,1,3.0,3.0,2.0,2.0,2.0,2.0,3.0,,3.0,,2021-03-13T10:56:31.064Z,,
302,603d7455a6af0b0a8bd53507,3,5.0,5.0,5.0,5.0,5.0,,5.0,5.0,5.0,,2021-03-13T11:28:37.107Z,5.0,
303,604c8482ba869b0aa71912a0,2,2.0,2.0,2.0,2.0,2.0,,,,,,2021-03-13T12:17:33.907Z,,
304,604c8482ba869b0aa71912a0,3,2.0,2.0,3.0,2.0,,,,,,,2021-03-13T14:43:35.962Z,3.0,
305,604c8482ba869b0aa71912a0,3,2.0,2.0,2.0,3.0,,,,,3.0,,2021-03-13T14:45:45.464Z,4.0,
306,604ba23eba869b0aa718f3ad,1,4.0,4.0,5.0,5.0,3.0,,5.0,5.0,5.0,,2021-03-13T15:04:15.925Z,,
307,604ba23eba869b0aa718f3ad,2,4.0,5.0,3.0,5.0,4.0,,,5.0,,,2021-03-13T16:04:32.707Z,,
308,604ba23eba869b0aa718f3ad,2,,,,,,,,,,,2021-03-13T16:05:47.682Z,,
309,604ccd32ba869b0aa71946ce,1,3.0,2.0,4.0,3.0,3.0,3.0,5.0,4.0,3.0,hints should not be more clear because it effects our thinking capacity and we immediately find the answer.,2021-03-13T17:04:23.144Z,,
310,604b6696ba869b0aa718f328,1,5.0,2.0,4.0,4.0,5.0,4.0,5.0,,4.0,its grateful but there should be some sample of python code that might help in understanding more clearly.,2021-03-13T18:10:31.906Z,,
311,604ce667ba869b0aa7194ebe,1,4.0,4.0,5.0,5.0,4.0,4.0,4.0,,4.0,,2021-03-13T18:10:58.634Z,,
312,604ce667ba869b0aa7194ebe,2,5.0,5.0,4.0,5.0,3.0,,,,,,2021-03-13T19:56:45.476Z,,
313,604b6696ba869b0aa718f328,2,5.0,5.0,4.0,5.0,5.0,,,,,Again it was great exercise to learn but there is should be presenting the proper error or expecting the hint after submitting the program and it is not fulfill the requirements.,2021-03-14T02:51:49.471Z,,
314,604b6696ba869b0aa718f328,2,5.0,5.0,4.0,5.0,5.0,,,,,,2021-03-14T02:53:25.587Z,,
315,604caa6fba869b0aa7193514,1,5.0,1.0,4.0,4.0,5.0,4.0,4.0,,5.0,,2021-03-14T04:35:51.508Z,,
316,604ccd32ba869b0aa71946ce,2,4.0,3.0,4.0,3.0,3.0,,,3.0,,,2021-03-14T07:12:36.375Z,,
317,604da99bba869b0aa7198807,1,3.0,3.0,4.0,3.0,5.0,3.0,4.0,2.0,5.0,,2021-03-14T07:28:07.865Z,,
318,604c3e10ba869b0aa718f3e2,1,3.0,4.0,5.0,2.0,4.0,5.0,5.0,4.0,5.0,,2021-03-14T07:41:19.774Z,,
319,604dad56ba869b0aa7198ae2,1,3.0,4.0,4.0,4.0,3.0,5.0,5.0,,5.0,This is really a good effort.,2021-03-14T08:03:48.12Z,,
320,604dbbbdba869b0aa7199855,1,5.0,2.0,4.0,4.0,4.0,5.0,5.0,5.0,5.0,,2021-03-14T08:46:03.033Z,,
321,604dad56ba869b0aa7198ae2,2,4.0,5.0,4.0,4.0,4.0,,,,,This keeps me focus during whole exercises.,2021-03-14T09:16:54.852Z,,
322,604c3e10ba869b0aa718f3e2,2,5.0,5.0,5.0,5.0,5.0,,,5.0,,,2021-03-14T09:27:01.648Z,,
323,604dbbbdba869b0aa7199855,2,4.0,3.0,4.0,4.0,5.0,,,4.0,,,2021-03-14T09:37:05.165Z,,
324,604da99bba869b0aa7198807,2,5.0,5.0,5.0,5.0,5.0,,,5.0,,,2021-03-14T09:55:14.205Z,,
325,604ccd32ba869b0aa71946ce,3,3.0,3.0,3.0,4.0,4.0,4.0,4.0,4.0,2.0,,2021-03-14T10:13:23.187Z,3.0,yes it will help in logic building and in python syntax
326,604de995ba869b0aa719e9b1,1,1.0,2.0,5.0,,4.0,1.0,5.0,,,"I would recommend that you should design some proper and logical, type of exercises because for me these exercises were not useful at all. ",2021-03-14T11:31:57.363Z,,
327,604df9aeba869b0aa719f15f,1,3.0,4.0,4.0,5.0,,3.0,5.0,3.0,4.0,,2021-03-14T15:20:43.729Z,,
328,604ce667ba869b0aa7194ebe,3,3.0,5.0,3.0,3.0,3.0,5.0,4.0,,4.0,,2021-03-14T17:11:58.549Z,5.0,
329,604b6696ba869b0aa718f328,3,4.0,5.0,2.0,3.0,4.0,5.0,5.0,,5.0,,2021-03-14T17:13:12.34Z,5.0,yes i get the idea of pandas which is helpful in data science.
330,604ba23eba869b0aa718f3ad,3,5.0,4.0,5.0,5.0,5.0,5.0,5.0,5.0,5.0,,2021-03-14T18:05:34.304Z,,"Yes, it will definitely help me"
331,604df9aeba869b0aa719f15f,2,3.0,3.0,3.0,3.0,4.0,,,3.0,,,2021-03-14T18:53:00.578Z,,
332,604df9aeba869b0aa719f15f,3,5.0,5.0,3.0,3.0,3.0,3.0,4.0,4.0,4.0,,2021-03-14T19:52:26.226Z,3.0,yes of course
333,604de9d9ba869b0aa719e9b7,1,5.0,5.0,5.0,5.0,4.0,5.0,5.0,5.0,5.0,,2021-03-14T20:25:26.91Z,,
334,604dad56ba869b0aa7198ae2,3,4.0,4.0,3.0,3.0,3.0,5.0,5.0,,5.0,There should be less hints so that we put more effort for getting the solution.,2021-03-15T02:27:22.809Z,,I feel very motivated to use these skills to learn more and more.
335,604caa6fba869b0aa7193514,2,5.0,2.0,3.0,4.0,2.0,,,,,,2021-03-15T04:04:50.987Z,,
336,604caa6fba869b0aa7193514,2,5.0,2.0,3.0,5.0,2.0,,,,,,2021-03-15T04:11:25.413Z,,
337,604caa6fba869b0aa7193514,2,4.0,4.0,4.0,4.0,3.0,,,,,,2021-03-15T04:18:50.36Z,,
338,604d966cba869b0aa7198348,1,5.0,5.0,5.0,5.0,5.0,4.0,5.0,,5.0,,2021-03-15T06:42:58.234Z,,
339,604eec79ba869b0aa71a5338,1,3.0,2.0,4.0,4.0,5.0,3.0,2.0,3.0,5.0,,2021-03-15T06:49:34.868Z,,
340,604f148cba869b0aa71a67f1,1,3.0,,4.0,2.0,2.0,3.0,5.0,2.0,5.0,"To be honest, I did not find it fruitful at all. I would suggest that there should be proper exercises based on some logic.",2021-03-15T08:15:39.22Z,,
341,604da99bba869b0aa7198807,3,2.0,2.0,2.0,3.0,,5.0,5.0,5.0,5.0,,2021-03-15T08:20:04.464Z,5.0,
342,604d966cba869b0aa7198348,2,5.0,5.0,5.0,5.0,5.0,,,,,"the last excercise is quite complex. And it goes out of mind. Nevertheless, IT was really effortfull ",2021-03-15T08:21:08.929Z,,
343,604de8b8ba869b0aa719e935,1,5.0,5.0,5.0,5.0,4.0,4.0,4.0,,5.0,,2021-03-15T08:40:44.059Z,,
344,604f148cba869b0aa71a67f1,2,5.0,1.0,5.0,5.0,5.0,,,5.0,,"That was a nice setup for exploring the language under study. However, I would suggest adding more exercises.",2021-03-15T08:40:59.859Z,,
345,604db12eba869b0aa71990ab,1,3.0,4.0,3.0,4.0,,4.0,5.0,,3.0,,2021-03-15T09:00:24.813Z,,
346,604ef140ba869b0aa71a5347,1,4.0,4.0,5.0,5.0,4.0,5.0,4.0,,5.0,,2021-03-15T09:00:25.945Z,,
347,604ba23eba869b0aa718f3ad,3,5.0,5.0,5.0,5.0,3.0,5.0,4.0,4.0,5.0,The course was designed excellently and I had the feeling that I had learned effectively but I faced some problems in the python editor. Kindly solve them so that everyone could do without any problem.,2021-03-15T09:02:54.887Z,3.0,"Yes. This had really helped me and hopefully, they will help me in the future."
348,604de9d9ba869b0aa719e9b7,2,5.0,5.0,5.0,5.0,5.0,,,5.0,,,2021-03-15T09:06:31.531Z,,
349,604eec79ba869b0aa71a5338,2,4.0,5.0,5.0,5.0,5.0,,,4.0,,,2021-03-15T09:13:24.331Z,,
350,604eec79ba869b0aa71a5338,2,5.0,5.0,5.0,4.0,5.0,,,4.0,,,2021-03-15T09:15:52.337Z,,
351,604f1c3aba869b0aa71a7500,1,5.0,5.0,5.0,5.0,5.0,5.0,5.0,,5.0,,2021-03-15T09:28:24.303Z,,
352,604e0417ba869b0aa719f964,1,3.0,3.0,2.0,4.0,2.0,3.0,3.0,,2.0,,2021-03-15T09:34:07.359Z,,
353,604db12eba869b0aa71990ab,2,3.0,5.0,4.0,4.0,4.0,,,4.0,,,2021-03-15T09:44:39.03Z,,
354,604e435cba869b0aa71a277f,1,5.0,5.0,5.0,5.0,5.0,5.0,5.0,,5.0,,2021-03-15T10:04:16.448Z,,
355,604ef140ba869b0aa71a5347,2,3.0,4.0,4.0,5.0,5.0,,,,,,2021-03-15T10:13:05.056Z,,
356,604cf57bba869b0aa719567b,1,4.0,4.0,5.0,3.0,5.0,4.0,5.0,4.0,4.0,,2021-03-15T10:23:57.984Z,,
357,604f27f0ba869b0aa71a9210,1,3.0,2.0,2.0,4.0,3.0,5.0,4.0,5.0,2.0,,2021-03-15T10:33:16.662Z,,
358,604f148cba869b0aa71a67f1,3,5.0,5.0,4.0,5.0,5.0,5.0,5.0,5.0,5.0,,2021-03-15T10:36:25.869Z,3.0,
359,604e435cba869b0aa71a277f,2,,,,,,,,,,,2021-03-15T10:44:46.331Z,,
360,604f1c3aba869b0aa71a7500,2,5.0,5.0,5.0,5.0,5.0,,,,,,2021-03-15T10:50:15.976Z,,
361,604ef140ba869b0aa71a5347,3,4.0,5.0,5.0,5.0,5.0,5.0,4.0,,5.0,Great course for learning,2021-03-15T10:52:08.762Z,3.0,"yes ,It is very helpfull"
362,604de8b8ba869b0aa719e935,2,3.0,5.0,5.0,5.0,5.0,,,,,hints should be given by some rough codes,2021-03-15T10:54:13.227Z,,
363,604ef27aba869b0aa71a5380,1,4.0,4.0,4.0,5.0,5.0,5.0,5.0,5.0,1.0,,2021-03-15T11:20:38.78Z,,
364,604ef27aba869b0aa71a5380,2,4.0,4.0,4.0,5.0,4.0,,,4.0,,,2021-03-15T11:36:41.848Z,,
365,604eec79ba869b0aa71a5338,3,4.0,5.0,4.0,5.0,5.0,4.0,5.0,5.0,4.0,,2021-03-15T11:44:07.537Z,3.0,Yes
366,604cf57bba869b0aa719567b,2,4.0,5.0,4.0,4.0,5.0,,,3.0,,,2021-03-15T11:46:12.478Z,,
367,604f33b1ba869b0aa71ab0ed,1,4.0,3.0,3.0,3.0,,,,,,,2021-03-15T12:00:53.948Z,,
368,604c3e10ba869b0aa718f3e2,3,5.0,5.0,5.0,5.0,5.0,5.0,5.0,5.0,5.0,Everything is good but it need little easy question and also easy statement. The question was easy but their statement was difficult to understand. Thanks so much,2021-03-15T12:04:16.802Z,5.0,yes i found alot of skills in me and i want to explore in future
369,604ef27aba869b0aa71a5380,3,4.0,5.0,5.0,5.0,5.0,5.0,5.0,5.0,5.0,Thanks for such great learning course,2021-03-15T12:14:00.303Z,5.0,"Yes ,It remain very helpful"
370,604de8b8ba869b0aa719e935,3,5.0,5.0,5.0,4.0,4.0,5.0,5.0,,5.0,,2021-03-15T12:19:39.237Z,5.0,yes
371,604f34bbba869b0aa71ab4c1,1,3.0,4.0,5.0,5.0,5.0,4.0,3.0,3.0,3.0,,2021-03-15T12:32:31.511Z,,
372,604f4f18ba869b0aa71b0013,1,5.0,2.0,4.0,4.0,5.0,3.0,5.0,,3.0,,2021-03-15T13:16:44.028Z,,
373,604dbbbdba869b0aa7199855,3,4.0,4.0,4.0,5.0,5.0,5.0,5.0,5.0,5.0,part 3 is quite interesting and I effort to do my best and the subgoals also helpful.,2021-03-15T13:22:36.442Z,4.0,yes
374,604e2b01ba869b0aa71a1704,1,5.0,3.0,5.0,4.0,4.0,5.0,5.0,,4.0,,2021-03-15T13:28:54.193Z,,
375,604f1c3aba869b0aa71a7500,3,5.0,5.0,5.0,5.0,5.0,5.0,5.0,,5.0,,2021-03-15T13:39:10.134Z,5.0,Yes
376,604caa6fba869b0aa7193514,3,3.0,5.0,3.0,5.0,3.0,5.0,5.0,,5.0,very informative,2021-03-15T13:42:14.2Z,3.0,yes
377,604cf57bba869b0aa719567b,3,3.0,4.0,2.0,3.0,4.0,3.0,3.0,3.0,3.0,,2021-03-15T14:15:41.072Z,4.0,
378,604f34bbba869b0aa71ab4c1,2,4.0,4.0,5.0,5.0,4.0,,,4.0,,,2021-03-15T14:32:17.322Z,,
379,604db12eba869b0aa71990ab,3,2.0,5.0,3.0,4.0,4.0,5.0,5.0,5.0,5.0,,2021-03-15T15:05:32.914Z,5.0,
380,604f797fba869b0aa71b3185,1,4.0,5.0,5.0,4.0,5.0,3.0,4.0,5.0,3.0,,2021-03-15T15:30:59.319Z,,
381,604f4f18ba869b0aa71b0013,2,3.0,4.0,2.0,3.0,4.0,,,,,,2021-03-15T15:55:00.451Z,,
382,604f27f0ba869b0aa71a9210,2,5.0,4.0,3.0,5.0,5.0,,,5.0,,,2021-03-15T16:04:12.543Z,,
383,604f797fba869b0aa71b3185,2,5.0,5.0,4.0,4.0,5.0,,,4.0,,,2021-03-15T16:04:39.589Z,,
384,604f7d21ba869b0aa71b32b9,1,2.0,2.0,2.0,2.0,3.0,,3.0,,2.0,,2021-03-15T16:45:01.6Z,,
385,604f797fba869b0aa71b3185,3,5.0,5.0,5.0,4.0,5.0,5.0,4.0,3.0,4.0,,2021-03-15T17:00:27.096Z,3.0,Yeah
386,604de9d9ba869b0aa719e9b7,3,5.0,5.0,5.0,5.0,5.0,5.0,5.0,5.0,4.0,,2021-03-15T17:11:03.803Z,5.0,
387,604e2b01ba869b0aa71a1704,2,2.0,2.0,3.0,4.0,4.0,,,,,,2021-03-15T17:27:53.594Z,,
388,604f27f0ba869b0aa71a9210,3,4.0,5.0,3.0,5.0,5.0,5.0,5.0,5.0,4.0,,2021-03-15T18:18:51.295Z,5.0,
389,604e2b01ba869b0aa71a1704,3,4.0,5.0,4.0,4.0,5.0,5.0,5.0,,3.0,,2021-03-15T18:55:02.072Z,3.0,
390,604f7eb8ba869b0aa71b3404,1,4.0,3.0,4.0,5.0,5.0,5.0,5.0,4.0,4.0,,2021-03-17T10:33:14.935Z,,
391,6051d189ba869b0aa71b5abf,1,4.0,2.0,4.0,3.0,3.0,5.0,5.0,,5.0,"i think there is a mistake in the matrix transposition example. the first row of the transposed matrix should read 3,5,1,0 instead of 3,1,1,0",2021-03-18T07:59:53.316Z,,
392,604f7eb8ba869b0aa71b3404,2,4.0,4.0,5.0,5.0,4.0,,,4.0,,,2021-03-18T19:15:02.751Z,,
393,6053b6beba869b0aa71b6b33,1,,,,,,,,,,,2021-03-18T22:04:17.041Z,,
394,6053b6beba869b0aa71b6b33,2,,,,,,,,,,,2021-03-18T22:40:02.552Z,,
395,6051d189ba869b0aa71b5abf,2,4.0,2.0,5.0,5.0,3.0,,,,,,2021-03-19T08:25:59.198Z,,
396,6053b6beba869b0aa71b6b33,3,,,,,,,,,,,2021-03-19T23:19:51.472Z,,
397,6055886bba869b0aa71b785a,1,3.0,3.0,4.0,3.0,3.0,5.0,4.0,,5.0,,2021-03-20T05:46:58.702Z,,
398,6055a699ba869b0aa71b78e8,1,5.0,,5.0,5.0,2.0,5.0,2.0,5.0,3.0,,2021-03-20T09:46:05.582Z,,
399,6055a699ba869b0aa71b78e8,2,5.0,,3.0,,,,,,,I already have some programming experience. Just want to check out the material. Looks really cool.,2021-03-20T10:14:36.467Z,,
400,6055eb03ba869b0aa71b7cb7,1,3.0,1.0,1.0,2.0,2.0,3.0,3.0,,3.0,,2021-03-20T12:48:54.621Z,,
401,601c0125f8a80c12afbe192d,2,4.0,4.0,5.0,5.0,4.0,,,5.0,,,2021-03-20T14:21:15.41Z,,
402,6055886bba869b0aa71b785a,2,4.0,4.0,4.0,4.0,4.0,,,,,,2021-03-20T17:52:03.22Z,,
403,60562767ba869b0aa71b8b17,1,3.0,2.0,3.0,5.0,4.0,4.0,5.0,5.0,5.0,"Great job, I am very thankful that such an amazing work is available for free for everyone. :)",2021-03-20T17:53:26.254Z,,
404,60562da9ba869b0aa71b8d9a,1,4.0,3.0,4.0,4.0,2.0,4.0,4.0,,5.0,,2021-03-20T18:50:30.933Z,,
405,6056499dba869b0aa71b93e0,1,5.0,5.0,5.0,5.0,5.0,5.0,5.0,,5.0,,2021-03-20T19:41:26.981Z,,
406,60558397ba869b0aa71b7814,1,5.0,,5.0,5.0,4.0,5.0,5.0,,5.0,,2021-03-21T02:08:41.051Z,,
407,6056cd01ba869b0aa71b9abb,1,5.0,4.0,4.0,4.0,4.0,5.0,5.0,5.0,5.0,,2021-03-21T05:36:56.777Z,,
408,6056cd01ba869b0aa71b9abb,2,5.0,5.0,5.0,5.0,5.0,,,5.0,,,2021-03-21T06:50:36.377Z,,
409,6056ec60ba869b0aa71ba26b,1,3.0,2.0,1.0,4.0,3.0,2.0,4.0,,4.0,,2021-03-21T07:34:25.086Z,,
410,6056ec60ba869b0aa71ba26b,2,5.0,4.0,4.0,5.0,5.0,,,,,,2021-03-21T07:57:05.385Z,,
411,60562da9ba869b0aa71b8d9a,2,4.0,2.0,4.0,4.0,4.0,,,,,,2021-03-21T08:22:23.231Z,,
412,6056cd01ba869b0aa71b9abb,3,5.0,5.0,5.0,5.0,5.0,5.0,5.0,5.0,5.0,,2021-03-21T13:04:48.604Z,3.0,yes
413,6055a699ba869b0aa71b78e8,3,4.0,2.0,3.0,3.0,2.0,3.0,2.0,3.0,,"Please make sure that written code is saved. Multiple times when I pressed backspace to erase code, instead the browser jumped to the page before, and when the user goes forward again, the code written is now blank. ",2021-03-21T13:22:02.396Z,1.0,"Longer, harder, challenges needed."
414,60565047ba869b0aa71b9648,1,2.0,,2.0,2.0,,3.0,4.0,,4.0,,2021-03-21T15:50:23.142Z,,
415,601c0125f8a80c12afbe192d,3,5.0,5.0,4.0,5.0,4.0,5.0,5.0,5.0,5.0,,2021-03-21T19:42:43.841Z,4.0,
416,60572242ba869b0aa71bd973,1,2.0,2.0,3.0,2.0,4.0,2.0,,,,,2021-03-21T22:18:40.3Z,,
417,60565047ba869b0aa71b9648,2,3.0,2.0,2.0,3.0,3.0,,,,,,2021-03-21T22:58:37.334Z,,
418,6058a23dba869b0aa71c0ca0,1,5.0,3.0,5.0,5.0,4.0,5.0,4.0,4.0,3.0,,2021-03-22T14:26:49.886Z,,
419,604f7eb8ba869b0aa71b3404,2,4.0,4.0,4.0,4.0,5.0,,,5.0,,,2021-03-22T15:21:27.635Z,,
420,6058a23dba869b0aa71c0ca0,2,5.0,4.0,5.0,5.0,3.0,,,4.0,,,2021-03-22T21:49:22.992Z,,
421,6043d2acba869b0aa718e21f,3,5.0,4.0,4.0,5.0,3.0,4.0,5.0,5.0,5.0,,2021-03-23T10:17:40.236Z,4.0,
422,60564ecbba869b0aa71b9627,1,5.0,4.0,5.0,5.0,4.0,5.0,5.0,,5.0,,2021-03-23T10:48:02.482Z,,
423,6051d189ba869b0aa71b5abf,3,2.0,3.0,3.0,3.0,3.0,4.0,4.0,,,"- sometimes the taxonomy would stop displaying or refreshing the text!
- in ex 3, the pre-loaded value of vector y is [17, 13, 8, 11] instead of the displayed [17, 13, 9, 11] in the top right
- in ex 8, the pre-loaded value of the 1st row of mat2 is [-1, 5, 21, 12] instead of the displayed [-1, 5, 21, 13]",2021-03-23T11:43:34.7Z,3.0,not sure yet
424,60564ecbba869b0aa71b9627,2,5.0,4.0,5.0,5.0,5.0,,,,,,2021-03-23T12:27:34.216Z,,
425,6059eacbba869b0aa71c6501,1,2.0,4.0,3.0,2.0,2.0,4.0,4.0,3.0,4.0,,2021-03-23T15:14:19.091Z,,
426,6059eacbba869b0aa71c6501,2,4.0,3.0,4.0,5.0,4.0,,,4.0,,,2021-03-23T17:04:59.321Z,,
427,605a99a9ba869b0aa71c84b3,1,5.0,1.0,5.0,5.0,5.0,3.0,5.0,,5.0,,2021-03-24T03:30:23.67Z,,
428,601c005ef8a80c12afbe185c,3,3.0,5.0,2.0,3.0,3.0,5.0,4.0,,4.0,,2021-03-24T16:53:23.356Z,4.0,Im not sure if it is very relevant to my field
429,60562767ba869b0aa71b8b17,2,5.0,2.0,5.0,5.0,4.0,,,5.0,,,2021-03-24T17:17:29.502Z,,
430,60562767ba869b0aa71b8b17,2,5.0,2.0,5.0,5.0,5.0,,,5.0,,"Great tutorial, thanks for the hard work!",2021-03-24T17:21:06.942Z,,
431,6055fb2bba869b0aa71b8107,1,4.0,3.0,4.0,4.0,4.0,4.0,4.0,5.0,5.0,,2021-03-24T23:19:42.487Z,,
432,6055fb2bba869b0aa71b8107,2,4.0,4.0,4.0,5.0,3.0,,,4.0,,,2021-03-25T00:06:00.292Z,,
433,60584643ba869b0aa71c06b5,1,5.0,4.0,5.0,5.0,4.0,5.0,3.0,5.0,5.0,,2021-03-25T05:58:50.672Z,,
434,605a5ca1ba869b0aa71c848f,1,4.0,4.0,4.0,4.0,4.0,4.0,4.0,,5.0,an illustration should be offered for each subtask leading up to the final task,2021-03-25T06:18:05.934Z,,
435,60584643ba869b0aa71c06b5,2,5.0,4.0,5.0,5.0,5.0,,,5.0,,,2021-03-25T07:04:53.124Z,,
436,601c01a9f8a80c12afbe1a26,3,1.0,,,,,,,,,,2021-03-25T13:53:04.445Z,,
437,601c01a9f8a80c12afbe1a26,3,1.0,,,,,,,,,,2021-03-25T13:54:00.803Z,,
438,60564ecbba869b0aa71b9627,3,5.0,5.0,5.0,5.0,5.0,5.0,5.0,,5.0,thank you for this awesome tutorial!,2021-03-25T16:44:19.446Z,4.0,yes absolutely 
439,605a5ca1ba869b0aa71c848f,2,4.0,4.0,4.0,4.0,5.0,,,,,,2021-03-25T17:34:35.561Z,,
440,604f7eb8ba869b0aa71b3404,3,4.0,5.0,5.0,,,5.0,5.0,,5.0,,2021-03-26T11:08:56.753Z,3.0,
441,604f7eb8ba869b0aa71b3404,3,5.0,4.0,5.0,5.0,4.0,5.0,5.0,5.0,5.0,,2021-03-26T11:16:40.144Z,3.0,
442,605c4db5ba869b0aa71cde48,1,3.0,4.0,3.0,5.0,3.0,4.0,5.0,,5.0,,2021-03-26T22:53:38.265Z,,
443,605e8a70ba869b0aa71d31bc,1,2.0,2.0,2.0,2.0,2.0,4.0,5.0,,5.0,,2021-03-27T06:22:29.768Z,,
444,605e8a70ba869b0aa71d31bc,2,,2.0,2.0,2.0,2.0,,,,,,2021-03-28T00:13:13.052Z,,
445,605e8a70ba869b0aa71d31bc,2,,,,,,,,,,,2021-03-28T00:16:05.184Z,,
446,605fe289ba869b0aa71d3e08,1,4.0,3.0,4.0,4.0,3.0,4.0,4.0,,4.0,,2021-03-28T03:08:10.668Z,,
447,6062263dba869b0aa71d7ef9,1,2.0,2.0,2.0,2.0,,2.0,4.0,4.0,3.0,I struggled to understand why I was doing this and why I needed to understand the different drag and drop options.,2021-03-29T19:50:33.863Z,,
448,60193331f8a80c12afbaedd5,2,3.0,3.0,3.0,3.0,3.0,,,,,,2021-03-30T12:09:06.925Z,,
449,60193331f8a80c12afbaedd5,2,3.0,3.0,3.0,3.0,3.0,,,,,,2021-03-30T12:10:34.644Z,,
450,601c0119f8a80c12afbe1910,3,4.0,4.0,3.0,4.0,3.0,4.0,,,5.0,,2021-03-30T13:06:17.449Z,5.0,
451,60631f96ba869b0aa71d8f4b,1,3.0,3.0,2.0,3.0,3.0,4.0,4.0,4.0,4.0,,2021-03-30T14:32:57.434Z,,
452,6056bc57ba869b0aa71b9923,1,5.0,4.0,4.0,5.0,4.0,4.0,5.0,,5.0,,2021-03-30T15:36:31.02Z,,
453,6056bc57ba869b0aa71b9923,2,4.0,4.0,4.0,5.0,4.0,,,,,,2021-03-30T16:15:20.329Z,,
454,60638ea0ba869b0aa71d9f95,1,2.0,3.0,2.0,3.0,4.0,4.0,5.0,4.0,3.0,,2021-03-30T21:21:21.725Z,,
455,60638ea0ba869b0aa71d9f95,2,4.0,3.0,4.0,5.0,5.0,,,5.0,,This was a lot more helpful than part 1.,2021-03-30T22:20:30.292Z,,
456,60631f96ba869b0aa71d8f4b,2,,,,,,,,,,,2021-03-31T16:22:53.467Z,,
457,60631f96ba869b0aa71d8f4b,2,4.0,5.0,3.0,5.0,4.0,,,4.0,,,2021-03-31T16:24:15.197Z,,
458,60631f96ba869b0aa71d8f4b,3,2.0,2.0,2.0,1.0,1.0,5.0,5.0,5.0,2.0,,2021-03-31T18:41:51.227Z,1.0,Only easy cause the answer was given in the sub goals. Otherwise this would have been beyond difficult.
459,6061e1d4ba869b0aa71d7caa,1,,,,,,,,,,,2021-04-01T12:42:39.798Z,,
460,6061e1d4ba869b0aa71d7caa,2,,,,,,,,,,,2021-04-01T13:05:34.215Z,,
461,6061e1d4ba869b0aa71d7caa,3,,,,,,,,,,,2021-04-01T14:37:00.567Z,,
462,6061e1d4ba869b0aa71d7caa,3,,,,,,,,,,,2021-04-01T14:48:33.158Z,,
463,6059eacbba869b0aa71c6501,3,4.0,5.0,5.0,3.0,3.0,2.0,3.0,3.0,3.0,,2021-04-01T16:41:29.765Z,5.0,"Yes, working with pandas seems like a great way to manipulate data"
464,6059eacbba869b0aa71c6501,3,,,,,,,,,,,2021-04-01T16:45:07.225Z,,
465,6066401aba869b0aa71e11dd,1,4.0,,3.0,3.0,3.0,5.0,5.0,,,,2021-04-02T01:02:28.914Z,,
466,6053b5b0ba869b0aa71b6b23,1,3.0,2.0,2.0,3.0,2.0,2.0,5.0,,5.0,,2021-04-02T11:47:08.063Z,,
467,6053b5b0ba869b0aa71b6b23,2,4.0,3.0,3.0,4.0,4.0,,,,,,2021-04-02T12:47:43.745Z,,
468,60562da9ba869b0aa71b8d9a,3,4.0,4.0,3.0,4.0,3.0,5.0,2.0,,2.0,,2021-04-03T17:20:45.72Z,3.0,yes (data analysis of csv files)
469,6056bc57ba869b0aa71b9923,3,4.0,3.0,3.0,3.0,3.0,4.0,5.0,,4.0,,2021-04-04T02:44:52.398Z,4.0,"Possibly, but I had a hard time remembering the syntax so I would need something like this as a refresher."
470,605b2cdaba869b0aa71c950f,1,4.0,3.0,3.0,4.0,4.0,5.0,4.0,,5.0,,2021-04-04T14:26:58.163Z,,
471,60652e90ba869b0aa71df5e7,1,2.0,3.0,3.0,3.0,4.0,5.0,4.0,4.0,4.0,,2021-04-04T19:47:39.284Z,,
472,6068cbbde1dff50acdb8585f,1,4.0,2.0,4.0,5.0,3.0,3.0,3.0,5.0,4.0,,2021-04-04T20:25:40.405Z,,
473,6066401aba869b0aa71e11dd,2,4.0,3.0,3.0,3.0,3.0,,,,,"It would be nice to have a number of exercises left that counts down as you go, so you know about how much is left. Otherwise there's no way to gauge how much more time you need. ",2021-04-05T00:50:34.677Z,,
474,60652e90ba869b0aa71df5e7,2,,5.0,4.0,2.0,5.0,,,5.0,,,2021-04-05T02:01:19.741Z,,
475,6066401aba869b0aa71e11dd,3,2.0,4.0,2.0,3.0,3.0,5.0,5.0,,,,2021-04-05T02:57:27.161Z,3.0,
476,606a7e96e1dff50acdb88999,1,3.0,4.0,2.0,3.0,3.0,5.0,5.0,4.0,3.0,,2021-04-05T05:54:59.591Z,,
477,605b2cdaba869b0aa71c950f,2,5.0,3.0,4.0,4.0,3.0,,,,,,2021-04-05T14:52:56.35Z,,
478,606b4911e1dff50acdb8983d,1,3.0,4.0,2.0,2.0,2.0,1.0,4.0,,,,2021-04-05T17:47:52.884Z,,
479,606b4911e1dff50acdb8983d,2,4.0,2.0,4.0,4.0,3.0,,,,,,2021-04-05T18:02:48.756Z,,
480,606b4911e1dff50acdb8983d,2,4.0,3.0,4.0,3.0,4.0,,,,,,2021-04-05T18:08:06.895Z,,
481,606b527ae1dff50acdb89cc1,1,3.0,3.0,2.0,3.0,4.0,5.0,4.0,4.0,5.0,,2021-04-05T18:37:50.643Z,,
482,606b7a47e1dff50acdb8ac03,1,4.0,4.0,3.0,4.0,3.0,3.0,3.0,3.0,3.0,,2021-04-05T21:18:12.588Z,,
483,606a7e96e1dff50acdb88999,2,4.0,4.0,4.0,4.0,4.0,,,5.0,,,2021-04-05T22:11:10.356Z,,
484,6062263dba869b0aa71d7ef9,3,2.0,4.0,1.0,2.0,,4.0,4.0,5.0,3.0,"Sometimes I thought I was doing it wrong, but then I just had to copy my code and refresh the page and it would work. Also, it would be nice if I could go back to previous exercises more easily instead of doing it once and then forgetting what I did.",2021-04-05T22:12:03.892Z,4.0,I'm really not sure where I would use them right now.
485,606b7a47e1dff50acdb8ac03,2,3.0,3.0,3.0,,,,,,,,2021-04-05T22:47:10.288Z,,
486,606b7a47e1dff50acdb8ac03,3,3.0,3.0,3.0,3.0,3.0,3.0,3.0,3.0,3.0,,2021-04-05T23:40:57.603Z,5.0,
487,606b527ae1dff50acdb89cc1,3,3.0,4.0,2.0,3.0,4.0,5.0,5.0,4.0,3.0,,2021-04-06T00:29:26.54Z,3.0,Not realistically 
488,60652e90ba869b0aa71df5e7,3,4.0,4.0,4.0,4.0,4.0,4.0,4.0,4.0,4.0,,2021-04-06T01:34:19.183Z,4.0,
489,606a7e96e1dff50acdb88999,3,3.0,5.0,3.0,3.0,3.0,4.0,5.0,3.0,3.0,"I would have broken this section up into different parts,  possible include videos",2021-04-06T02:01:57.346Z,4.0,Yes
490,60633ce7ba869b0aa71d92e4,1,2.0,1.0,3.0,2.0,2.0,4.0,3.0,,4.0,,2021-04-06T14:13:48.118Z,,
491,606c71e1e1dff50acdb8ede1,3,2.0,5.0,3.0,4.0,3.0,4.0,3.0,,5.0,,2021-04-06T16:56:32.017Z,4.0,
492,606b4911e1dff50acdb8983d,3,4.0,4.0,4.0,3.0,3.0,5.0,5.0,,3.0,,2021-04-06T17:17:05.883Z,3.0,
493,60633ce7ba869b0aa71d92e4,2,1.0,4.0,1.0,2.0,3.0,,,,,,2021-04-07T14:22:36.961Z,,
494,606b7563e1dff50acdb8ab1f,3,1.0,5.0,1.0,1.0,1.0,1.0,1.0,,1.0,"i felt like the format of questio prompt/subgoals with answers didnt prioritise instilling the skills. it became more of a puzzle of looking up the expacted answer and blindly filling out the gaps. obviously no offence but i have finished part 3 and have no clearer understanding of the suubject matter. i expect i will have to revisit this and bring along my own researched guidance from elsewhere to figure out the ""why"" of each of these questions and not just the how. i do not feel prepared to answer any further question off my own back",2021-04-07T20:52:06.644Z,1.0,
495,606c7619e1dff50acdb8fb02,3,3.0,4.0,2.0,3.0,2.0,5.0,5.0,,1.0,,2021-04-08T18:54:57.604Z,4.0,
496,605cdb29ba869b0aa71d1034,1,3.0,3.0,3.0,3.0,3.0,4.0,4.0,4.0,4.0,,2021-04-08T20:56:48.304Z,,
497,60705318e1dff50acdb9be8b,1,3.0,2.0,3.0,3.0,2.0,4.0,4.0,4.0,3.0,,2021-04-09T15:16:41.174Z,,
498,60705318e1dff50acdb9be8b,2,3.0,3.0,4.0,3.0,3.0,,,3.0,,,2021-04-10T06:22:23.5Z,,
499,6071c659e1dff50acdb9c446,1,2.0,2.0,2.0,,,,2.0,4.0,5.0,,2021-04-10T16:03:44.41Z,,
500,6071c659e1dff50acdb9c446,2,3.0,1.0,,,2.0,,,2.0,,,2021-04-10T16:35:02.152Z,,
501,6071c659e1dff50acdb9c446,3,4.0,4.0,3.0,5.0,4.0,5.0,5.0,5.0,3.0,,2021-04-10T23:03:11.647Z,4.0,
502,60705318e1dff50acdb9be8b,3,3.0,4.0,3.0,3.0,2.0,4.0,4.0,3.0,2.0,,2021-04-11T11:33:47.699Z,3.0,
503,607314dce1dff50acdb9d355,1,4.0,3.0,3.0,3.0,2.0,2.0,5.0,4.0,5.0,,2021-04-11T17:35:14.176Z,,
504,607314dce1dff50acdb9d355,2,4.0,3.0,3.0,3.0,2.0,,,3.0,,,2021-04-12T17:16:27.549Z,,
505,607314dce1dff50acdb9d355,2,4.0,3.0,3.0,3.0,2.0,,,3.0,,,2021-04-12T17:18:55.602Z,,
506,607314dce1dff50acdb9d355,3,4.0,4.0,3.0,4.0,4.0,4.0,5.0,4.0,4.0,,2021-04-16T17:54:19.013Z,3.0,
507,60754804e1dff50acdb9e264,1,5.0,2.0,4.0,5.0,3.0,5.0,5.0,,5.0,"Great way of learning! Rather than throwing someone in the deep end, this was very simple to start with and so I ended up doing it fast, otherwise I'd have to carve time out of my work/studies to do it.",2021-04-19T13:32:35.689Z,,
508,60754804e1dff50acdb9e264,2,5.0,2.0,3.0,5.0,4.0,,,,,,2021-04-19T14:29:33.334Z,,
509,60754804e1dff50acdb9e264,2,5.0,2.0,3.0,5.0,4.0,,,,,,2021-04-19T14:31:04.844Z,,
510,6078922ae1dff50acdba00e4,1,3.0,3.0,3.0,3.0,3.0,3.0,3.0,,3.0,,2021-04-21T13:15:07.73Z,,
511,6078922ae1dff50acdba00e4,2,3.0,3.0,3.0,3.0,3.0,,,,,,2021-04-21T13:30:24.798Z,,
512,6078922ae1dff50acdba00e4,2,3.0,3.0,3.0,3.0,3.0,,,,,,2021-04-21T13:31:09.521Z,,
513,6078922ae1dff50acdba00e4,3,3.0,3.0,3.0,3.0,3.0,3.0,3.0,,3.0,,2021-04-22T07:30:21.917Z,3.0,
514,60754804e1dff50acdb9e264,3,4.0,4.0,3.0,5.0,4.0,5.0,5.0,,5.0,"Amazing course, learned faster than i expected. Great way to build it up to the end.

Only criticism is some bugs that caused me to wait a long time while ",2021-04-23T11:53:40.274Z,3.0,"Yes, especially in economics, this kind of data handling is essential."
515,608d0830e1dff50acdba4a76,1,5.0,3.0,5.0,3.0,3.0,3.0,5.0,,4.0,,2021-05-01T08:32:33.103Z,,
516,608d0830e1dff50acdba4a76,2,5.0,3.0,5.0,5.0,3.0,,,,,,2021-05-01T09:22:25.544Z,,
517,608d0830e1dff50acdba4a76,3,5.0,4.0,4.0,4.0,2.0,5.0,5.0,,4.0,Good Work. I really enjoyed it.,2021-05-01T13:54:05.995Z,3.0,Yes i do
518,608d0830e1dff50acdba4a76,3,,,,,,,,,,,2021-05-01T14:02:34.731Z,,
519,608c9d49e1dff50acdba4969,1,5.0,2.0,5.0,5.0,3.0,4.0,5.0,5.0,5.0,,2021-05-01T16:08:45.825Z,,
520,608c9d49e1dff50acdba4969,2,5.0,2.0,5.0,5.0,3.0,,,5.0,,,2021-05-01T19:25:47.024Z,,
521,607161e8e1dff50acdb9c3c2,1,4.0,3.0,3.0,3.0,3.0,3.0,4.0,4.0,4.0,,2021-05-04T14:40:12.529Z,,
522,607161e8e1dff50acdb9c3c2,2,3.0,3.0,3.0,3.0,3.0,,,3.0,,,2021-05-04T15:23:40.408Z,,
523,607dbfe1e1dff50acdba14c9,2,4.0,2.0,3.0,4.0,2.0,,,2.0,,,2021-05-04T15:47:21.117Z,,
524,6092d3e0e1dff50acdba9d03,1,4.0,4.0,5.0,3.0,4.0,3.0,3.0,3.0,3.0,,2021-05-05T17:44:17.443Z,,
525,6092d3e0e1dff50acdba9d03,2,5.0,5.0,5.0,3.0,4.0,,,4.0,,,2021-05-05T18:24:20.177Z,,
526,6092d3e0e1dff50acdba9d03,3,5.0,5.0,5.0,4.0,5.0,5.0,5.0,5.0,5.0,,2021-05-06T10:25:54.222Z,4.0,
527,6099392ad35efd0ab8825886,1,,,,,,,,,,,2021-05-10T17:07:19.687Z,,
528,6099392ad35efd0ab8825886,2,,,,,,,,,,,2021-05-11T11:21:19.098Z,,
529,60a123d8d35efd0ab8826169,1,5.0,5.0,5.0,5.0,5.0,5.0,5.0,5.0,5.0,,2021-05-16T14:16:30.199Z,,
530,60a91d26d35efd0ab882663d,1,1.0,1.0,2.0,,3.0,2.0,5.0,,2.0,,2021-05-22T16:10:54.987Z,,
531,60a91d26d35efd0ab882663d,2,,,,,,,,,,,2021-05-25T14:16:43.027Z,,
532,6091ae07e1dff50acdba9730,1,4.0,3.0,5.0,5.0,3.0,4.0,4.0,5.0,5.0,,2021-05-25T20:35:31.967Z,,
533,60b3f5a7d35efd0ab882739e,1,4.0,4.0,4.0,4.0,4.0,4.0,4.0,,5.0,,2021-05-30T21:09:29.47Z,,
534,60b3f5a7d35efd0ab882739e,2,4.0,3.0,4.0,4.0,4.0,,,,,,2021-05-30T21:37:45.342Z,,
535,607bf57ae1dff50acdba0b27,2,5.0,5.0,5.0,5.0,5.0,,,,,,2021-05-31T15:35:12.327Z,,
536,607bf57ae1dff50acdba0b27,3,5.0,5.0,5.0,5.0,3.0,5.0,5.0,,3.0,great fun,2021-06-02T09:43:41.562Z,4.0,yes! definitely
