,score,qid,participant,index
0,1.0,vector2,601275c1db5b643e9ca060b4,0
1,1.0,vector2,601275c1db5b643e9ca060b4,1
2,1.0,vector3,601275c1db5b643e9ca060b4,0
3,1.0,vector3,601275c1db5b643e9ca060b4,1
4,1.0,vector3,601275c1db5b643e9ca060b4,2
5,,vector_test,601275c1db5b643e9ca060b4,0
6,,vector_test,601275c1db5b643e9ca060b4,1
7,,vector_test,601275c1db5b643e9ca060b4,2
8,,matrix1,601275c1db5b643e9ca060b4,0
9,,matrix1,601275c1db5b643e9ca060b4,1
10,,matrix1,601275c1db5b643e9ca060b4,2
11,,vector_test,601275c1db5b643e9ca060b4,0
12,,vector_test,601275c1db5b643e9ca060b4,1
13,,vector_test,601275c1db5b643e9ca060b4,2
14,1.0,matrix1,601275c1db5b643e9ca060b4,0
15,1.0,matrix1,601275c1db5b643e9ca060b4,1
16,1.0,matrix1,601275c1db5b643e9ca060b4,2
17,,matrix2,601275c1db5b643e9ca060b4,0
18,,matrix2,601275c1db5b643e9ca060b4,1
19,,matrix2,601275c1db5b643e9ca060b4,2
20,,matrix2,601275c1db5b643e9ca060b4,3
21,,matrix3,601275c1db5b643e9ca060b4,0
22,,matrix3,601275c1db5b643e9ca060b4,1
23,,matrix3,601275c1db5b643e9ca060b4,2
24,,matrix3,601275c1db5b643e9ca060b4,3
25,,matrix2,601275c1db5b643e9ca060b4,0
26,,matrix2,601275c1db5b643e9ca060b4,1
27,,matrix2,601275c1db5b643e9ca060b4,2
28,,matrix2,601275c1db5b643e9ca060b4,3
29,,matrix3,601275c1db5b643e9ca060b4,0
30,,matrix3,601275c1db5b643e9ca060b4,1
31,,matrix3,601275c1db5b643e9ca060b4,2
32,,matrix3,601275c1db5b643e9ca060b4,3
33,,matrix4,601275c1db5b643e9ca060b4,0
34,,matrix4,601275c1db5b643e9ca060b4,1
35,,matrix4,601275c1db5b643e9ca060b4,2
36,,matrix4,601275c1db5b643e9ca060b4,3
37,,vector1,601275c1db5b643e9ca060b4,0
38,,vector1,601275c1db5b643e9ca060b4,1
39,,vector1,601275c1db5b643e9ca060b4,2
40,,vector2,601275c1db5b643e9ca060b4,0
41,,vector2,601275c1db5b643e9ca060b4,1
42,,vector3,601275c1db5b643e9ca060b4,0
43,,vector3,601275c1db5b643e9ca060b4,1
44,,vector3,601275c1db5b643e9ca060b4,2
45,,vector1,601275c1db5b643e9ca060b4,0
46,,vector1,601275c1db5b643e9ca060b4,1
47,,vector1,601275c1db5b643e9ca060b4,2
48,,vector2,601275c1db5b643e9ca060b4,0
49,,vector2,601275c1db5b643e9ca060b4,1
50,,vector3,601275c1db5b643e9ca060b4,0
51,,vector3,601275c1db5b643e9ca060b4,1
52,,vector3,601275c1db5b643e9ca060b4,2
53,,vector1,601275c1db5b643e9ca060b4,0
54,,vector1,601275c1db5b643e9ca060b4,1
55,,vector1,601275c1db5b643e9ca060b4,2
56,,matrix1,601275c1db5b643e9ca060b4,0
57,,matrix1,601275c1db5b643e9ca060b4,1
58,,matrix1,601275c1db5b643e9ca060b4,2
59,,matrix2,601275c1db5b643e9ca060b4,0
60,,matrix2,601275c1db5b643e9ca060b4,1
61,,matrix2,601275c1db5b643e9ca060b4,2
62,,matrix2,601275c1db5b643e9ca060b4,3
63,,matrix3,601275c1db5b643e9ca060b4,0
64,,matrix3,601275c1db5b643e9ca060b4,1
65,,matrix3,601275c1db5b643e9ca060b4,2
66,,matrix3,601275c1db5b643e9ca060b4,3
67,,matrix4,601275c1db5b643e9ca060b4,0
68,,matrix4,601275c1db5b643e9ca060b4,1
69,,matrix4,601275c1db5b643e9ca060b4,2
70,,matrix4,601275c1db5b643e9ca060b4,3
71,,matrix5,601275c1db5b643e9ca060b4,0
72,,matrix5,601275c1db5b643e9ca060b4,1
73,,matrix5,601275c1db5b643e9ca060b4,2
74,,matrix5,601275c1db5b643e9ca060b4,3
75,,vector1,601275c1db5b643e9ca060b4,0
76,,vector1,601275c1db5b643e9ca060b4,1
77,,vector1,601275c1db5b643e9ca060b4,2
78,,matrix5,601275c1db5b643e9ca060b4,0
79,,matrix5,601275c1db5b643e9ca060b4,1
80,,matrix5,601275c1db5b643e9ca060b4,2
81,,matrix5,601275c1db5b643e9ca060b4,3
82,,vector1,601275c1db5b643e9ca060b4,0
83,,vector1,601275c1db5b643e9ca060b4,1
84,,vector1,601275c1db5b643e9ca060b4,2
85,,dataframe1,601275c1db5b643e9ca060b4,0
86,,dataframe1,601275c1db5b643e9ca060b4,1
87,,dataframe2,601275c1db5b643e9ca060b4,0
88,,dataframe2,601275c1db5b643e9ca060b4,1
89,,dataframe3,601275c1db5b643e9ca060b4,0
90,,dataframe3,601275c1db5b643e9ca060b4,1
91,,dataframe3,601275c1db5b643e9ca060b4,2
92,,dataframe4,601275c1db5b643e9ca060b4,0
93,,dataframe4,601275c1db5b643e9ca060b4,1
94,,dataframe4,601275c1db5b643e9ca060b4,2
95,,dataframe4,601275c1db5b643e9ca060b4,3
96,,dataframe5,601275c1db5b643e9ca060b4,0
97,,dataframe5,601275c1db5b643e9ca060b4,1
98,,dataframe5,601275c1db5b643e9ca060b4,2
99,,dataframe5,601275c1db5b643e9ca060b4,3
100,,dataframe6,601275c1db5b643e9ca060b4,0
101,,dataframe6,601275c1db5b643e9ca060b4,1
102,,dataframe6,601275c1db5b643e9ca060b4,2
103,,dataframe6,601275c1db5b643e9ca060b4,3
104,,dataframe6,601275c1db5b643e9ca060b4,4
105,,dataframe7,601275c1db5b643e9ca060b4,0
106,,dataframe7,601275c1db5b643e9ca060b4,1
107,,dataframe7,601275c1db5b643e9ca060b4,2
108,,dataframe7,601275c1db5b643e9ca060b4,3
109,,vector1,601275c1db5b643e9ca060b4,0
110,,vector1,601275c1db5b643e9ca060b4,1
111,,vector1,601275c1db5b643e9ca060b4,2
112,,vector2,601146dadb5b643e9ca054e5,0
113,,vector2,601146dadb5b643e9ca054e5,1
114,,vector3,601146dadb5b643e9ca054e5,0
115,,vector3,601146dadb5b643e9ca054e5,1
116,,vector3,601146dadb5b643e9ca054e5,2
117,,vector_test,601146dadb5b643e9ca054e5,0
118,,vector_test,601146dadb5b643e9ca054e5,1
119,,vector_test,601146dadb5b643e9ca054e5,2
120,,matrix1,601146dadb5b643e9ca054e5,0
121,,matrix1,601146dadb5b643e9ca054e5,1
122,,matrix1,601146dadb5b643e9ca054e5,2
123,,matrix2,601146dadb5b643e9ca054e5,0
124,,matrix2,601146dadb5b643e9ca054e5,1
125,,matrix2,601146dadb5b643e9ca054e5,2
126,,matrix2,601146dadb5b643e9ca054e5,3
127,,vector2,601587f68a8fb97c0541f607,0
128,,vector2,601587f68a8fb97c0541f607,1
129,,vector3,601587f68a8fb97c0541f607,0
130,,vector3,601587f68a8fb97c0541f607,1
131,,vector3,601587f68a8fb97c0541f607,2
132,,vector_test,601587f68a8fb97c0541f607,0
133,,vector_test,601587f68a8fb97c0541f607,1
134,,vector_test,601587f68a8fb97c0541f607,2
135,,matrix1,601587f68a8fb97c0541f607,0
136,,matrix1,601587f68a8fb97c0541f607,1
137,,matrix1,601587f68a8fb97c0541f607,2
138,,matrix2,601587f68a8fb97c0541f607,0
139,,matrix2,601587f68a8fb97c0541f607,1
140,,matrix2,601587f68a8fb97c0541f607,2
141,,matrix2,601587f68a8fb97c0541f607,3
142,,matrix3,601587f68a8fb97c0541f607,0
143,,matrix3,601587f68a8fb97c0541f607,1
144,,matrix3,601587f68a8fb97c0541f607,2
145,,matrix3,601587f68a8fb97c0541f607,3
146,,matrix4,601587f68a8fb97c0541f607,0
147,,matrix4,601587f68a8fb97c0541f607,1
148,,matrix4,601587f68a8fb97c0541f607,2
149,,matrix4,601587f68a8fb97c0541f607,3
150,,matrix5,601587f68a8fb97c0541f607,0
151,,matrix5,601587f68a8fb97c0541f607,1
152,,matrix5,601587f68a8fb97c0541f607,2
153,,matrix5,601587f68a8fb97c0541f607,3
154,,matrix_test,601587f68a8fb97c0541f607,0
155,,matrix_test,601587f68a8fb97c0541f607,1
156,,matrix_test,601587f68a8fb97c0541f607,2
157,,dataframe1,601587f68a8fb97c0541f607,0
158,,dataframe1,601587f68a8fb97c0541f607,1
159,,dataframe2,601587f68a8fb97c0541f607,0
160,,dataframe2,601587f68a8fb97c0541f607,1
161,,dataframe3,601587f68a8fb97c0541f607,0
162,,dataframe3,601587f68a8fb97c0541f607,1
163,,dataframe3,601587f68a8fb97c0541f607,2
164,,dataframe4,601587f68a8fb97c0541f607,0
165,,dataframe4,601587f68a8fb97c0541f607,1
166,,dataframe4,601587f68a8fb97c0541f607,2
167,,dataframe4,601587f68a8fb97c0541f607,3
168,,dataframe5,601587f68a8fb97c0541f607,0
169,,dataframe5,601587f68a8fb97c0541f607,1
170,,dataframe5,601587f68a8fb97c0541f607,2
171,,dataframe5,601587f68a8fb97c0541f607,3
172,,dataframe6,601587f68a8fb97c0541f607,0
173,,dataframe6,601587f68a8fb97c0541f607,1
174,,dataframe6,601587f68a8fb97c0541f607,2
175,,dataframe6,601587f68a8fb97c0541f607,3
176,,dataframe6,601587f68a8fb97c0541f607,4
177,,dataframe7,601587f68a8fb97c0541f607,0
178,,dataframe7,601587f68a8fb97c0541f607,1
179,,dataframe7,601587f68a8fb97c0541f607,2
180,,dataframe7,601587f68a8fb97c0541f607,3
181,,vector2,60106245db5b643e9ca0542f,0
182,,vector2,60106245db5b643e9ca0542f,1
183,,matrix3,601146dadb5b643e9ca054e5,0
184,,matrix3,601146dadb5b643e9ca054e5,1
185,,matrix3,601146dadb5b643e9ca054e5,2
186,,matrix3,601146dadb5b643e9ca054e5,3
187,,matrix4,601146dadb5b643e9ca054e5,0
188,,matrix4,601146dadb5b643e9ca054e5,1
189,,matrix4,601146dadb5b643e9ca054e5,2
190,,matrix4,601146dadb5b643e9ca054e5,3
191,,matrix5,601146dadb5b643e9ca054e5,0
192,,matrix5,601146dadb5b643e9ca054e5,1
193,,matrix5,601146dadb5b643e9ca054e5,2
194,,matrix5,601146dadb5b643e9ca054e5,3
195,,matrix_test,601146dadb5b643e9ca054e5,0
196,,matrix_test,601146dadb5b643e9ca054e5,1
197,,matrix_test,601146dadb5b643e9ca054e5,2
198,,dataframe1,601146dadb5b643e9ca054e5,0
199,,dataframe1,601146dadb5b643e9ca054e5,1
200,,dataframe2,601146dadb5b643e9ca054e5,0
201,,dataframe2,601146dadb5b643e9ca054e5,1
202,,dataframe3,601146dadb5b643e9ca054e5,0
203,,dataframe3,601146dadb5b643e9ca054e5,1
204,,dataframe3,601146dadb5b643e9ca054e5,2
205,,dataframe4,601146dadb5b643e9ca054e5,0
206,,dataframe4,601146dadb5b643e9ca054e5,1
207,,dataframe4,601146dadb5b643e9ca054e5,2
208,,dataframe4,601146dadb5b643e9ca054e5,3
209,,dataframe5,601146dadb5b643e9ca054e5,0
210,,dataframe5,601146dadb5b643e9ca054e5,1
211,,dataframe5,601146dadb5b643e9ca054e5,2
212,,dataframe5,601146dadb5b643e9ca054e5,3
213,-1.0,vector3,6018f3a9f8a80c12afba217e,0
214,0.0,vector3,6018f3a9f8a80c12afba217e,1
215,-1.0,vector3,6018f3a9f8a80c12afba217e,2
216,1.0,vector2,6018f7b8f8a80c12afba2403,0
217,0.0,vector2,6018f7b8f8a80c12afba2403,1
218,1.0,vector_test,6018f3a9f8a80c12afba217e,0
219,1.0,vector_test,6018f3a9f8a80c12afba217e,1
220,1.0,vector_test,6018f3a9f8a80c12afba217e,2
221,1.0,vector3,6018f7b8f8a80c12afba2403,0
222,1.0,vector3,6018f7b8f8a80c12afba2403,1
223,0.0,vector3,6018f7b8f8a80c12afba2403,2
224,1.0,vector2,6018fd16f8a80c12afba2cd5,0
225,1.0,vector2,6018fd16f8a80c12afba2cd5,1
226,1.0,matrix2,6018f3a9f8a80c12afba217e,0
227,1.0,matrix2,6018f3a9f8a80c12afba217e,1
228,1.0,matrix2,6018f3a9f8a80c12afba217e,2
229,1.0,matrix2,6018f3a9f8a80c12afba217e,3
230,1.0,vector3,6018fd16f8a80c12afba2cd5,0
231,1.0,vector3,6018fd16f8a80c12afba2cd5,1
232,1.0,vector3,6018fd16f8a80c12afba2cd5,2
233,1.0,vector3,6018f3bcf8a80c12afba2189,0
234,1.0,vector3,6018f3bcf8a80c12afba2189,1
235,1.0,vector3,6018f3bcf8a80c12afba2189,2
236,1.0,vector3,6018f723f8a80c12afba2369,0
237,1.0,vector3,6018f723f8a80c12afba2369,1
238,1.0,vector3,6018f723f8a80c12afba2369,2
239,1.0,matrix1,6018fd16f8a80c12afba2cd5,0
240,1.0,matrix1,6018fd16f8a80c12afba2cd5,1
241,1.0,matrix1,6018fd16f8a80c12afba2cd5,2
242,,matrix2,6018f5fff8a80c12afba2201,0
243,1.0,matrix2,6018f5fff8a80c12afba2201,1
244,1.0,matrix2,6018f5fff8a80c12afba2201,2
245,1.0,matrix2,6018f5fff8a80c12afba2201,3
246,1.0,vector2,6018f4bbf8a80c12afba21b3,0
247,1.0,vector2,6018f4bbf8a80c12afba21b3,1
248,,matrix2,6018fd16f8a80c12afba2cd5,0
249,0.0,matrix2,6018fd16f8a80c12afba2cd5,1
250,0.0,matrix2,6018fd16f8a80c12afba2cd5,2
251,0.0,matrix2,6018fd16f8a80c12afba2cd5,3
252,,matrix3,6018f5fff8a80c12afba2201,0
253,,matrix3,6018f5fff8a80c12afba2201,1
254,,matrix3,6018f5fff8a80c12afba2201,2
255,-1.0,matrix3,6018f5fff8a80c12afba2201,3
256,1.0,vector_test,6018f723f8a80c12afba2369,0
257,1.0,vector_test,6018f723f8a80c12afba2369,1
258,1.0,vector_test,6018f723f8a80c12afba2369,2
259,1.0,matrix1,6018f3bcf8a80c12afba2189,0
260,1.0,matrix1,6018f3bcf8a80c12afba2189,1
261,1.0,matrix1,6018f3bcf8a80c12afba2189,2
262,1.0,matrix3,6018fd16f8a80c12afba2cd5,0
263,1.0,matrix3,6018fd16f8a80c12afba2cd5,1
264,0.0,matrix3,6018fd16f8a80c12afba2cd5,2
265,,matrix3,6018fd16f8a80c12afba2cd5,3
266,1.0,matrix3,6018f3bcf8a80c12afba2189,0
267,1.0,matrix3,6018f3bcf8a80c12afba2189,1
268,1.0,matrix3,6018f3bcf8a80c12afba2189,2
269,1.0,matrix3,6018f3bcf8a80c12afba2189,3
270,1.0,vector_test,6018f4bbf8a80c12afba21b3,0
271,1.0,vector_test,6018f4bbf8a80c12afba21b3,1
272,1.0,vector_test,6018f4bbf8a80c12afba21b3,2
273,,matrix4,6018fd16f8a80c12afba2cd5,0
274,1.0,matrix4,6018fd16f8a80c12afba2cd5,1
275,1.0,matrix4,6018fd16f8a80c12afba2cd5,2
276,1.0,matrix4,6018fd16f8a80c12afba2cd5,3
277,1.0,matrix1,6018f4bbf8a80c12afba21b3,0
278,1.0,matrix1,6018f4bbf8a80c12afba21b3,1
279,1.0,matrix1,6018f4bbf8a80c12afba21b3,2
280,0.0,matrix_test,6018fd16f8a80c12afba2cd5,0
281,,matrix_test,6018fd16f8a80c12afba2cd5,1
282,0.0,matrix_test,6018fd16f8a80c12afba2cd5,2
283,1.0,matrix2,6018f4bbf8a80c12afba21b3,0
284,1.0,matrix2,6018f4bbf8a80c12afba21b3,1
285,1.0,matrix2,6018f4bbf8a80c12afba21b3,2
286,1.0,matrix2,6018f4bbf8a80c12afba21b3,3
287,,dataframe4,6018fd16f8a80c12afba2cd5,0
288,0.0,dataframe4,6018fd16f8a80c12afba2cd5,1
289,1.0,dataframe4,6018fd16f8a80c12afba2cd5,2
290,,dataframe4,6018fd16f8a80c12afba2cd5,3
291,1.0,matrix3,6018f4bbf8a80c12afba21b3,0
292,1.0,matrix3,6018f4bbf8a80c12afba21b3,1
293,1.0,matrix3,6018f4bbf8a80c12afba21b3,2
294,1.0,matrix3,6018f4bbf8a80c12afba21b3,3
295,1.0,matrix4,6018f4bbf8a80c12afba21b3,0
296,1.0,matrix4,6018f4bbf8a80c12afba21b3,1
297,1.0,matrix4,6018f4bbf8a80c12afba21b3,2
298,1.0,matrix4,6018f4bbf8a80c12afba21b3,3
299,1.0,matrix5,6018f4bbf8a80c12afba21b3,0
300,1.0,matrix5,6018f4bbf8a80c12afba21b3,1
301,1.0,matrix5,6018f4bbf8a80c12afba21b3,2
302,1.0,matrix5,6018f4bbf8a80c12afba21b3,3
303,1.0,matrix_test,6018f4bbf8a80c12afba21b3,0
304,1.0,matrix_test,6018f4bbf8a80c12afba21b3,1
305,1.0,matrix_test,6018f4bbf8a80c12afba21b3,2
306,1.0,dataframe1,6018f4bbf8a80c12afba21b3,0
307,1.0,dataframe1,6018f4bbf8a80c12afba21b3,1
308,1.0,dataframe2,6018f4bbf8a80c12afba21b3,0
309,1.0,dataframe2,6018f4bbf8a80c12afba21b3,1
310,1.0,dataframe3,6018f4bbf8a80c12afba21b3,0
311,1.0,dataframe3,6018f4bbf8a80c12afba21b3,1
312,1.0,dataframe3,6018f4bbf8a80c12afba21b3,2
313,1.0,dataframe4,6018f4bbf8a80c12afba21b3,0
314,1.0,dataframe4,6018f4bbf8a80c12afba21b3,1
315,1.0,dataframe4,6018f4bbf8a80c12afba21b3,2
316,1.0,dataframe4,6018f4bbf8a80c12afba21b3,3
317,1.0,matrix4,6018f3a9f8a80c12afba217e,0
318,1.0,matrix4,6018f3a9f8a80c12afba217e,1
319,1.0,matrix4,6018f3a9f8a80c12afba217e,2
320,1.0,matrix4,6018f3a9f8a80c12afba217e,3
321,1.0,dataframe6,6018f4bbf8a80c12afba21b3,0
322,1.0,dataframe6,6018f4bbf8a80c12afba21b3,1
323,,dataframe6,6018f4bbf8a80c12afba21b3,2
324,1.0,dataframe6,6018f4bbf8a80c12afba21b3,3
325,1.0,dataframe6,6018f4bbf8a80c12afba21b3,4
326,1.0,dataframe7,6018f4bbf8a80c12afba21b3,0
327,1.0,dataframe7,6018f4bbf8a80c12afba21b3,1
328,1.0,dataframe7,6018f4bbf8a80c12afba21b3,2
329,1.0,dataframe7,6018f4bbf8a80c12afba21b3,3
330,1.0,matrix5,6018f3a9f8a80c12afba217e,0
331,1.0,matrix5,6018f3a9f8a80c12afba217e,1
332,1.0,matrix5,6018f3a9f8a80c12afba217e,2
333,1.0,matrix5,6018f3a9f8a80c12afba217e,3
334,1.0,matrix2,60190373f8a80c12afba3a90,0
335,1.0,matrix2,60190373f8a80c12afba3a90,1
336,1.0,matrix2,60190373f8a80c12afba3a90,2
337,,matrix2,60190373f8a80c12afba3a90,3
338,,matrix_test,6018f5fff8a80c12afba2201,0
339,1.0,matrix_test,6018f5fff8a80c12afba2201,1
340,,matrix_test,6018f5fff8a80c12afba2201,2
341,1.0,matrix_test,6018f3a9f8a80c12afba217e,0
342,1.0,matrix_test,6018f3a9f8a80c12afba217e,1
343,1.0,matrix_test,6018f3a9f8a80c12afba217e,2
344,1.0,dataframe2,60190373f8a80c12afba3a90,0
345,1.0,dataframe2,60190373f8a80c12afba3a90,1
346,1.0,dataframe2,6018f3a9f8a80c12afba217e,0
347,1.0,dataframe2,6018f3a9f8a80c12afba217e,1
348,,dataframe4,6018f5fff8a80c12afba2201,0
349,,dataframe4,6018f5fff8a80c12afba2201,1
350,,dataframe4,6018f5fff8a80c12afba2201,2
351,1.0,dataframe4,6018f5fff8a80c12afba2201,3
352,1.0,matrix1,6018f517f8a80c12afba21c8,0
353,0.0,matrix1,6018f517f8a80c12afba21c8,1
354,-1.0,matrix1,6018f517f8a80c12afba21c8,2
355,,vector3,6018f6ebf8a80c12afba227b,0
356,1.0,vector3,6018f6ebf8a80c12afba227b,1
357,1.0,vector3,6018f6ebf8a80c12afba227b,2
358,1.0,vector_test,6018f5a0f8a80c12afba21ec,0
359,1.0,vector_test,6018f5a0f8a80c12afba21ec,1
360,1.0,vector_test,6018f5a0f8a80c12afba21ec,2
361,1.0,matrix1,6018f5a0f8a80c12afba21ec,0
362,1.0,matrix1,6018f5a0f8a80c12afba21ec,1
363,1.0,matrix1,6018f5a0f8a80c12afba21ec,2
364,,matrix2,6018f5a0f8a80c12afba21ec,0
365,1.0,matrix2,6018f5a0f8a80c12afba21ec,1
366,1.0,matrix2,6018f5a0f8a80c12afba21ec,2
367,1.0,matrix2,6018f5a0f8a80c12afba21ec,3
368,1.0,matrix1,60191b2af8a80c12afba6602,0
369,1.0,matrix1,60191b2af8a80c12afba6602,1
370,1.0,matrix1,60191b2af8a80c12afba6602,2
371,1.0,matrix_test,6018f5a0f8a80c12afba21ec,0
372,1.0,matrix_test,6018f5a0f8a80c12afba21ec,1
373,1.0,matrix_test,6018f5a0f8a80c12afba21ec,2
374,1.0,dataframe1,6018f5a0f8a80c12afba21ec,0
375,1.0,dataframe1,6018f5a0f8a80c12afba21ec,1
376,1.0,dataframe2,6018f5a0f8a80c12afba21ec,0
377,,dataframe2,6018f5a0f8a80c12afba21ec,1
378,1.0,matrix3,60191b2af8a80c12afba6602,0
379,1.0,matrix3,60191b2af8a80c12afba6602,1
380,1.0,matrix3,60191b2af8a80c12afba6602,2
381,,matrix3,60191b2af8a80c12afba6602,3
382,1.0,matrix4,60191b2af8a80c12afba6602,0
383,1.0,matrix4,60191b2af8a80c12afba6602,1
384,1.0,matrix4,60191b2af8a80c12afba6602,2
385,1.0,matrix4,60191b2af8a80c12afba6602,3
386,,matrix5,60191b2af8a80c12afba6602,0
387,1.0,matrix5,60191b2af8a80c12afba6602,1
388,1.0,matrix5,60191b2af8a80c12afba6602,2
389,1.0,matrix5,60191b2af8a80c12afba6602,3
390,1.0,matrix_test,60191b2af8a80c12afba6602,0
391,,matrix_test,60191b2af8a80c12afba6602,1
392,1.0,matrix_test,60191b2af8a80c12afba6602,2
393,1.0,dataframe1,60191b2af8a80c12afba6602,0
394,1.0,dataframe1,60191b2af8a80c12afba6602,1
395,1.0,dataframe2,60191b2af8a80c12afba6602,0
396,1.0,dataframe2,60191b2af8a80c12afba6602,1
397,1.0,dataframe4,60191b2af8a80c12afba6602,0
398,1.0,dataframe4,60191b2af8a80c12afba6602,1
399,1.0,dataframe4,60191b2af8a80c12afba6602,2
400,1.0,dataframe4,60191b2af8a80c12afba6602,3
401,1.0,dataframe6,60191b2af8a80c12afba6602,0
402,,dataframe6,60191b2af8a80c12afba6602,1
403,1.0,dataframe6,60191b2af8a80c12afba6602,2
404,1.0,dataframe6,60191b2af8a80c12afba6602,3
405,1.0,dataframe6,60191b2af8a80c12afba6602,4
406,1.0,dataframe7,60191b2af8a80c12afba6602,0
407,1.0,dataframe7,60191b2af8a80c12afba6602,1
408,1.0,dataframe7,60191b2af8a80c12afba6602,2
409,1.0,dataframe7,60191b2af8a80c12afba6602,3
410,1.0,vector3,601928dff8a80c12afba988d,0
411,1.0,vector3,601928dff8a80c12afba988d,1
412,1.0,vector3,601928dff8a80c12afba988d,2
413,,vector3,601c018ef8a80c12afbe19fe,0
414,,vector3,601c018ef8a80c12afbe19fe,1
415,1.0,vector3,601c018ef8a80c12afbe19fe,2
416,1.0,matrix1,601ba4acf8a80c12afbdee12,0
417,1.0,matrix1,601ba4acf8a80c12afbdee12,1
418,1.0,matrix1,601ba4acf8a80c12afbdee12,2
419,,matrix2,601ba4acf8a80c12afbdee12,0
420,1.0,matrix2,601ba4acf8a80c12afbdee12,1
421,1.0,matrix2,601ba4acf8a80c12afbdee12,2
422,,matrix2,601ba4acf8a80c12afbdee12,3
423,,matrix3,601ba4acf8a80c12afbdee12,0
424,1.0,matrix3,601ba4acf8a80c12afbdee12,1
425,1.0,matrix3,601ba4acf8a80c12afbdee12,2
426,,matrix3,601ba4acf8a80c12afbdee12,3
427,,matrix4,601ba4acf8a80c12afbdee12,0
428,,matrix4,601ba4acf8a80c12afbdee12,1
429,1.0,matrix4,601ba4acf8a80c12afbdee12,2
430,,matrix4,601ba4acf8a80c12afbdee12,3
431,1.0,matrix5,601ba4acf8a80c12afbdee12,0
432,1.0,matrix5,601ba4acf8a80c12afbdee12,1
433,1.0,matrix5,601ba4acf8a80c12afbdee12,2
434,,matrix5,601ba4acf8a80c12afbdee12,3
435,1.0,matrix_test,601ba4acf8a80c12afbdee12,0
436,1.0,matrix_test,601ba4acf8a80c12afbdee12,1
437,,matrix_test,601ba4acf8a80c12afbdee12,2
438,1.0,dataframe1,601ba4acf8a80c12afbdee12,0
439,,dataframe1,601ba4acf8a80c12afbdee12,1
440,1.0,dataframe2,601ba4acf8a80c12afbdee12,0
441,,dataframe2,601ba4acf8a80c12afbdee12,1
442,,dataframe3,601ba4acf8a80c12afbdee12,0
443,1.0,dataframe3,601ba4acf8a80c12afbdee12,1
444,,dataframe3,601ba4acf8a80c12afbdee12,2
445,,dataframe4,601ba4acf8a80c12afbdee12,0
446,1.0,dataframe4,601ba4acf8a80c12afbdee12,1
447,1.0,dataframe4,601ba4acf8a80c12afbdee12,2
448,,dataframe4,601ba4acf8a80c12afbdee12,3
449,,dataframe5,601ba4acf8a80c12afbdee12,0
450,1.0,dataframe5,601ba4acf8a80c12afbdee12,1
451,1.0,dataframe5,601ba4acf8a80c12afbdee12,2
452,,dataframe5,601ba4acf8a80c12afbdee12,3
453,,dataframe6,601ba4acf8a80c12afbdee12,0
454,,dataframe6,601ba4acf8a80c12afbdee12,1
455,1.0,dataframe6,601ba4acf8a80c12afbdee12,2
456,1.0,dataframe6,601ba4acf8a80c12afbdee12,3
457,1.0,dataframe6,601ba4acf8a80c12afbdee12,4
458,,dataframe7,601ba4acf8a80c12afbdee12,0
459,,dataframe7,601ba4acf8a80c12afbdee12,1
460,1.0,dataframe7,601ba4acf8a80c12afbdee12,2
461,,dataframe7,601ba4acf8a80c12afbdee12,3
462,1.0,matrix5,601928dff8a80c12afba988d,0
463,1.0,matrix5,601928dff8a80c12afba988d,1
464,1.0,matrix5,601928dff8a80c12afba988d,2
465,1.0,matrix5,601928dff8a80c12afba988d,3
466,1.0,matrix2,601c018ef8a80c12afbe19fe,0
467,1.0,matrix2,601c018ef8a80c12afbe19fe,1
468,1.0,matrix2,601c018ef8a80c12afbe19fe,2
469,1.0,matrix2,601c018ef8a80c12afbe19fe,3
470,1.0,vector3,601c0246f8a80c12afbe1b2d,0
471,1.0,vector3,601c0246f8a80c12afbe1b2d,1
472,1.0,vector3,601c0246f8a80c12afbe1b2d,2
473,1.0,matrix3,601c018ef8a80c12afbe19fe,0
474,1.0,matrix3,601c018ef8a80c12afbe19fe,1
475,1.0,matrix3,601c018ef8a80c12afbe19fe,2
476,1.0,matrix3,601c018ef8a80c12afbe19fe,3
477,1.0,matrix4,601c018ef8a80c12afbe19fe,0
478,1.0,matrix4,601c018ef8a80c12afbe19fe,1
479,1.0,matrix4,601c018ef8a80c12afbe19fe,2
480,1.0,matrix4,601c018ef8a80c12afbe19fe,3
481,1.0,matrix5,601c018ef8a80c12afbe19fe,0
482,1.0,matrix5,601c018ef8a80c12afbe19fe,1
483,1.0,matrix5,601c018ef8a80c12afbe19fe,2
484,1.0,matrix5,601c018ef8a80c12afbe19fe,3
485,1.0,matrix2,601c0246f8a80c12afbe1b2d,0
486,1.0,matrix2,601c0246f8a80c12afbe1b2d,1
487,1.0,matrix2,601c0246f8a80c12afbe1b2d,2
488,1.0,matrix2,601c0246f8a80c12afbe1b2d,3
489,1.0,matrix3,601c0246f8a80c12afbe1b2d,0
490,1.0,matrix3,601c0246f8a80c12afbe1b2d,1
491,1.0,matrix3,601c0246f8a80c12afbe1b2d,2
492,1.0,matrix3,601c0246f8a80c12afbe1b2d,3
493,,dataframe4,601928dff8a80c12afba988d,0
494,1.0,dataframe4,601928dff8a80c12afba988d,1
495,1.0,dataframe4,601928dff8a80c12afba988d,2
496,1.0,dataframe4,601928dff8a80c12afba988d,3
497,1.0,dataframe5,601928dff8a80c12afba988d,0
498,1.0,dataframe5,601928dff8a80c12afba988d,1
499,1.0,dataframe5,601928dff8a80c12afba988d,2
500,0.0,dataframe5,601928dff8a80c12afba988d,3
501,1.0,vector3,60192845f8a80c12afba9525,0
502,-1.0,vector3,60192845f8a80c12afba9525,1
503,-1.0,vector3,60192845f8a80c12afba9525,2
504,1.0,vector_test,60192845f8a80c12afba9525,0
505,1.0,vector_test,60192845f8a80c12afba9525,1
506,-1.0,vector_test,60192845f8a80c12afba9525,2
507,1.0,vector2,601c013cf8a80c12afbe1953,0
508,1.0,vector2,601c013cf8a80c12afbe1953,1
509,1.0,vector3,601c013cf8a80c12afbe1953,0
510,1.0,vector3,601c013cf8a80c12afbe1953,1
511,1.0,vector3,601c013cf8a80c12afbe1953,2
512,1.0,vector_test,601c013cf8a80c12afbe1953,0
513,1.0,vector_test,601c013cf8a80c12afbe1953,1
514,1.0,vector_test,601c013cf8a80c12afbe1953,2
515,1.0,matrix1,601c013cf8a80c12afbe1953,0
516,1.0,matrix1,601c013cf8a80c12afbe1953,1
517,1.0,matrix1,601c013cf8a80c12afbe1953,2
518,,matrix2,601c013cf8a80c12afbe1953,0
519,1.0,matrix2,601c013cf8a80c12afbe1953,1
520,1.0,matrix2,601c013cf8a80c12afbe1953,2
521,1.0,matrix2,601c013cf8a80c12afbe1953,3
522,1.0,matrix3,601c013cf8a80c12afbe1953,0
523,1.0,matrix3,601c013cf8a80c12afbe1953,1
524,1.0,matrix3,601c013cf8a80c12afbe1953,2
525,1.0,matrix3,601c013cf8a80c12afbe1953,3
526,,matrix4,601c013cf8a80c12afbe1953,0
527,1.0,matrix4,601c013cf8a80c12afbe1953,1
528,1.0,matrix4,601c013cf8a80c12afbe1953,2
529,1.0,matrix4,601c013cf8a80c12afbe1953,3
530,,matrix5,601c013cf8a80c12afbe1953,0
531,1.0,matrix5,601c013cf8a80c12afbe1953,1
532,1.0,matrix5,601c013cf8a80c12afbe1953,2
533,1.0,matrix5,601c013cf8a80c12afbe1953,3
534,1.0,matrix_test,601c013cf8a80c12afbe1953,0
535,1.0,matrix_test,601c013cf8a80c12afbe1953,1
536,1.0,matrix_test,601c013cf8a80c12afbe1953,2
537,1.0,dataframe1,601c013cf8a80c12afbe1953,0
538,1.0,dataframe1,601c013cf8a80c12afbe1953,1
539,1.0,dataframe2,601c013cf8a80c12afbe1953,0
540,1.0,dataframe2,601c013cf8a80c12afbe1953,1
541,1.0,dataframe3,601c013cf8a80c12afbe1953,0
542,1.0,dataframe3,601c013cf8a80c12afbe1953,1
543,1.0,dataframe3,601c013cf8a80c12afbe1953,2
544,,dataframe4,601c013cf8a80c12afbe1953,0
545,1.0,dataframe4,601c013cf8a80c12afbe1953,1
546,1.0,dataframe4,601c013cf8a80c12afbe1953,2
547,1.0,dataframe4,601c013cf8a80c12afbe1953,3
548,,dataframe5,601c013cf8a80c12afbe1953,0
549,1.0,dataframe5,601c013cf8a80c12afbe1953,1
550,1.0,dataframe5,601c013cf8a80c12afbe1953,2
551,1.0,dataframe5,601c013cf8a80c12afbe1953,3
552,1.0,dataframe6,601c013cf8a80c12afbe1953,0
553,1.0,dataframe6,601c013cf8a80c12afbe1953,1
554,1.0,dataframe6,601c013cf8a80c12afbe1953,2
555,1.0,dataframe6,601c013cf8a80c12afbe1953,3
556,,dataframe6,601c013cf8a80c12afbe1953,4
557,1.0,dataframe7,601c013cf8a80c12afbe1953,0
558,1.0,dataframe7,601c013cf8a80c12afbe1953,1
559,1.0,dataframe7,601c013cf8a80c12afbe1953,2
560,1.0,dataframe7,601c013cf8a80c12afbe1953,3
561,1.0,vector2,60185e4ef8a80c12afba1014,0
562,1.0,vector2,60185e4ef8a80c12afba1014,1
563,1.0,vector2,601925def8a80c12afba8a6a,0
564,1.0,vector2,601925def8a80c12afba8a6a,1
565,1.0,vector3,601925def8a80c12afba8a6a,0
566,1.0,vector3,601925def8a80c12afba8a6a,1
567,1.0,vector3,601925def8a80c12afba8a6a,2
568,1.0,matrix1,601925def8a80c12afba8a6a,0
569,1.0,matrix1,601925def8a80c12afba8a6a,1
570,1.0,matrix1,601925def8a80c12afba8a6a,2
571,1.0,vector3,60185e4ef8a80c12afba1014,0
572,1.0,vector3,60185e4ef8a80c12afba1014,1
573,0.0,vector3,60185e4ef8a80c12afba1014,2
574,1.0,vector_test,60185e4ef8a80c12afba1014,0
575,1.0,vector_test,60185e4ef8a80c12afba1014,1
576,1.0,vector_test,60185e4ef8a80c12afba1014,2
577,1.0,matrix1,60185e4ef8a80c12afba1014,0
578,1.0,matrix1,60185e4ef8a80c12afba1014,1
579,1.0,matrix1,60185e4ef8a80c12afba1014,2
580,1.0,matrix2,60185e4ef8a80c12afba1014,0
581,1.0,matrix2,60185e4ef8a80c12afba1014,1
582,1.0,matrix2,60185e4ef8a80c12afba1014,2
583,1.0,matrix2,60185e4ef8a80c12afba1014,3
584,1.0,matrix3,60185e4ef8a80c12afba1014,0
585,1.0,matrix3,60185e4ef8a80c12afba1014,1
586,1.0,matrix3,60185e4ef8a80c12afba1014,2
587,1.0,matrix3,60185e4ef8a80c12afba1014,3
588,1.0,matrix4,60185e4ef8a80c12afba1014,0
589,1.0,matrix4,60185e4ef8a80c12afba1014,1
590,1.0,matrix4,60185e4ef8a80c12afba1014,2
591,1.0,matrix4,60185e4ef8a80c12afba1014,3
592,1.0,matrix5,60185e4ef8a80c12afba1014,0
593,1.0,matrix5,60185e4ef8a80c12afba1014,1
594,1.0,matrix5,60185e4ef8a80c12afba1014,2
595,0.0,matrix5,60185e4ef8a80c12afba1014,3
596,1.0,matrix_test,60185e4ef8a80c12afba1014,0
597,1.0,matrix_test,60185e4ef8a80c12afba1014,1
598,1.0,matrix_test,60185e4ef8a80c12afba1014,2
599,1.0,dataframe2,60185e4ef8a80c12afba1014,0
600,1.0,dataframe2,60185e4ef8a80c12afba1014,1
601,1.0,dataframe3,60185e4ef8a80c12afba1014,0
602,1.0,dataframe3,60185e4ef8a80c12afba1014,1
603,1.0,dataframe3,60185e4ef8a80c12afba1014,2
604,1.0,dataframe4,60185e4ef8a80c12afba1014,0
605,1.0,dataframe4,60185e4ef8a80c12afba1014,1
606,1.0,dataframe4,60185e4ef8a80c12afba1014,2
607,,dataframe4,60185e4ef8a80c12afba1014,3
608,,dataframe5,60185e4ef8a80c12afba1014,0
609,1.0,dataframe5,60185e4ef8a80c12afba1014,1
610,1.0,dataframe5,60185e4ef8a80c12afba1014,2
611,1.0,dataframe5,60185e4ef8a80c12afba1014,3
612,1.0,dataframe6,60185e4ef8a80c12afba1014,0
613,1.0,dataframe6,60185e4ef8a80c12afba1014,1
614,1.0,dataframe6,60185e4ef8a80c12afba1014,2
615,1.0,dataframe6,60185e4ef8a80c12afba1014,3
616,1.0,dataframe6,60185e4ef8a80c12afba1014,4
617,1.0,dataframe7,60185e4ef8a80c12afba1014,0
618,1.0,dataframe7,60185e4ef8a80c12afba1014,1
619,1.0,dataframe7,60185e4ef8a80c12afba1014,2
620,1.0,dataframe7,60185e4ef8a80c12afba1014,3
621,1.0,vector2,6014329e8a8fb97c0541f5d3,0
622,1.0,vector2,6014329e8a8fb97c0541f5d3,1
623,0.0,vector2,6032151aa6af0b0a8bd41497,0
624,0.0,vector2,6032151aa6af0b0a8bd41497,1
625,1.0,vector3,6032151aa6af0b0a8bd41497,0
626,1.0,vector3,6032151aa6af0b0a8bd41497,1
627,-1.0,vector3,6032151aa6af0b0a8bd41497,2
628,1.0,matrix1,6032151aa6af0b0a8bd41497,0
629,1.0,matrix1,6032151aa6af0b0a8bd41497,1
630,1.0,matrix1,6032151aa6af0b0a8bd41497,2
631,1.0,vector2,604a2fdeba869b0aa718eb64,0
632,1.0,vector2,604a2fdeba869b0aa718eb64,1
633,1.0,vector3,604a2fdeba869b0aa718eb64,0
634,1.0,vector3,604a2fdeba869b0aa718eb64,1
635,1.0,vector3,604a2fdeba869b0aa718eb64,2
636,1.0,vector2,603d7455a6af0b0a8bd53507,0
637,1.0,vector2,603d7455a6af0b0a8bd53507,1
638,1.0,vector_test,603d7455a6af0b0a8bd53507,0
639,1.0,vector_test,603d7455a6af0b0a8bd53507,1
640,1.0,vector_test,603d7455a6af0b0a8bd53507,2
641,1.0,matrix1,603d7455a6af0b0a8bd53507,0
642,1.0,matrix1,603d7455a6af0b0a8bd53507,1
643,1.0,matrix1,603d7455a6af0b0a8bd53507,2
644,1.0,matrix2,603d7455a6af0b0a8bd53507,0
645,1.0,matrix2,603d7455a6af0b0a8bd53507,1
646,1.0,matrix2,603d7455a6af0b0a8bd53507,2
647,1.0,matrix2,603d7455a6af0b0a8bd53507,3
648,1.0,matrix3,603d7455a6af0b0a8bd53507,0
649,1.0,matrix3,603d7455a6af0b0a8bd53507,1
650,1.0,matrix3,603d7455a6af0b0a8bd53507,2
651,1.0,matrix3,603d7455a6af0b0a8bd53507,3
652,1.0,matrix4,603d7455a6af0b0a8bd53507,0
653,1.0,matrix4,603d7455a6af0b0a8bd53507,1
654,1.0,matrix4,603d7455a6af0b0a8bd53507,2
655,1.0,matrix4,603d7455a6af0b0a8bd53507,3
656,1.0,matrix5,603d7455a6af0b0a8bd53507,0
657,1.0,matrix5,603d7455a6af0b0a8bd53507,1
658,1.0,matrix5,603d7455a6af0b0a8bd53507,2
659,1.0,matrix5,603d7455a6af0b0a8bd53507,3
660,1.0,matrix_test,603d7455a6af0b0a8bd53507,0
661,1.0,matrix_test,603d7455a6af0b0a8bd53507,1
662,1.0,matrix_test,603d7455a6af0b0a8bd53507,2
663,1.0,dataframe1,603d7455a6af0b0a8bd53507,0
664,1.0,dataframe1,603d7455a6af0b0a8bd53507,1
665,1.0,dataframe2,603d7455a6af0b0a8bd53507,0
666,1.0,dataframe2,603d7455a6af0b0a8bd53507,1
667,1.0,dataframe3,603d7455a6af0b0a8bd53507,0
668,1.0,dataframe3,603d7455a6af0b0a8bd53507,1
669,1.0,dataframe3,603d7455a6af0b0a8bd53507,2
670,,dataframe6,603d7455a6af0b0a8bd53507,0
671,1.0,dataframe6,603d7455a6af0b0a8bd53507,1
672,1.0,dataframe6,603d7455a6af0b0a8bd53507,2
673,1.0,dataframe6,603d7455a6af0b0a8bd53507,3
674,1.0,dataframe6,603d7455a6af0b0a8bd53507,4
675,1.0,matrix3,604ccd32ba869b0aa71946ce,0
676,1.0,matrix3,604ccd32ba869b0aa71946ce,1
677,1.0,matrix3,604ccd32ba869b0aa71946ce,2
678,,matrix3,604ccd32ba869b0aa71946ce,3
679,,matrix4,604ccd32ba869b0aa71946ce,0
680,1.0,matrix4,604ccd32ba869b0aa71946ce,1
681,1.0,matrix4,604ccd32ba869b0aa71946ce,2
682,,matrix4,604ccd32ba869b0aa71946ce,3
683,,matrix5,604ccd32ba869b0aa71946ce,0
684,1.0,matrix5,604ccd32ba869b0aa71946ce,1
685,1.0,matrix5,604ccd32ba869b0aa71946ce,2
686,1.0,matrix5,604ccd32ba869b0aa71946ce,3
687,1.0,matrix_test,604ccd32ba869b0aa71946ce,0
688,1.0,matrix_test,604ccd32ba869b0aa71946ce,1
689,1.0,matrix_test,604ccd32ba869b0aa71946ce,2
690,1.0,dataframe2,604ccd32ba869b0aa71946ce,0
691,1.0,dataframe2,604ccd32ba869b0aa71946ce,1
692,1.0,matrix1,604dbbbdba869b0aa7199855,0
693,1.0,matrix1,604dbbbdba869b0aa7199855,1
694,1.0,matrix1,604dbbbdba869b0aa7199855,2
695,1.0,vector_test,604c3e10ba869b0aa718f3e2,0
696,1.0,vector_test,604c3e10ba869b0aa718f3e2,1
697,1.0,vector_test,604c3e10ba869b0aa718f3e2,2
698,1.0,matrix2,604dbbbdba869b0aa7199855,0
699,1.0,matrix2,604dbbbdba869b0aa7199855,1
700,1.0,matrix2,604dbbbdba869b0aa7199855,2
701,1.0,matrix2,604dbbbdba869b0aa7199855,3
702,1.0,matrix3,604dbbbdba869b0aa7199855,0
703,1.0,matrix3,604dbbbdba869b0aa7199855,1
704,1.0,matrix3,604dbbbdba869b0aa7199855,2
705,1.0,matrix3,604dbbbdba869b0aa7199855,3
706,1.0,matrix4,604dbbbdba869b0aa7199855,0
707,1.0,matrix4,604dbbbdba869b0aa7199855,1
708,1.0,matrix4,604dbbbdba869b0aa7199855,2
709,1.0,matrix4,604dbbbdba869b0aa7199855,3
710,1.0,matrix5,604dbbbdba869b0aa7199855,0
711,1.0,matrix5,604dbbbdba869b0aa7199855,1
712,1.0,matrix5,604dbbbdba869b0aa7199855,2
713,1.0,matrix5,604dbbbdba869b0aa7199855,3
714,1.0,matrix_test,604dbbbdba869b0aa7199855,0
715,1.0,matrix_test,604dbbbdba869b0aa7199855,1
716,1.0,matrix_test,604dbbbdba869b0aa7199855,2
717,1.0,dataframe1,604dbbbdba869b0aa7199855,0
718,1.0,dataframe1,604dbbbdba869b0aa7199855,1
719,1.0,vector2,604eec79ba869b0aa71a5338,0
720,1.0,vector2,604eec79ba869b0aa71a5338,1
721,,vector3,604de9d9ba869b0aa719e9b7,0
722,,vector3,604de9d9ba869b0aa719e9b7,1
723,1.0,vector3,604de9d9ba869b0aa719e9b7,2
724,1.0,dataframe3,604dbbbdba869b0aa7199855,0
725,1.0,dataframe3,604dbbbdba869b0aa7199855,1
726,1.0,dataframe3,604dbbbdba869b0aa7199855,2
727,1.0,vector_test,604eec79ba869b0aa71a5338,0
728,1.0,vector_test,604eec79ba869b0aa71a5338,1
729,,vector_test,604eec79ba869b0aa71a5338,2
730,1.0,matrix2,604eec79ba869b0aa71a5338,0
731,1.0,matrix2,604eec79ba869b0aa71a5338,1
732,1.0,matrix2,604eec79ba869b0aa71a5338,2
733,1.0,matrix2,604eec79ba869b0aa71a5338,3
734,,matrix3,604eec79ba869b0aa71a5338,0
735,1.0,matrix3,604eec79ba869b0aa71a5338,1
736,1.0,matrix3,604eec79ba869b0aa71a5338,2
737,1.0,matrix3,604eec79ba869b0aa71a5338,3
738,,matrix4,604eec79ba869b0aa71a5338,0
739,1.0,matrix4,604eec79ba869b0aa71a5338,1
740,1.0,matrix4,604eec79ba869b0aa71a5338,2
741,1.0,matrix4,604eec79ba869b0aa71a5338,3
742,,matrix5,604eec79ba869b0aa71a5338,0
743,1.0,matrix5,604eec79ba869b0aa71a5338,1
744,1.0,matrix5,604eec79ba869b0aa71a5338,2
745,1.0,matrix5,604eec79ba869b0aa71a5338,3
746,1.0,dataframe4,604dbbbdba869b0aa7199855,0
747,1.0,dataframe4,604dbbbdba869b0aa7199855,1
748,1.0,dataframe4,604dbbbdba869b0aa7199855,2
749,1.0,dataframe4,604dbbbdba869b0aa7199855,3
750,1.0,dataframe5,604dbbbdba869b0aa7199855,0
751,1.0,dataframe5,604dbbbdba869b0aa7199855,1
752,1.0,dataframe5,604dbbbdba869b0aa7199855,2
753,1.0,dataframe5,604dbbbdba869b0aa7199855,3
754,1.0,dataframe6,604dbbbdba869b0aa7199855,0
755,1.0,dataframe6,604dbbbdba869b0aa7199855,1
756,1.0,dataframe6,604dbbbdba869b0aa7199855,2
757,1.0,dataframe6,604dbbbdba869b0aa7199855,3
758,1.0,dataframe6,604dbbbdba869b0aa7199855,4
759,1.0,dataframe2,604eec79ba869b0aa71a5338,0
760,1.0,dataframe2,604eec79ba869b0aa71a5338,1
761,,dataframe5,604eec79ba869b0aa71a5338,0
762,1.0,dataframe5,604eec79ba869b0aa71a5338,1
763,1.0,dataframe5,604eec79ba869b0aa71a5338,2
764,1.0,dataframe5,604eec79ba869b0aa71a5338,3
765,,dataframe3,604c3e10ba869b0aa718f3e2,0
766,1.0,dataframe3,604c3e10ba869b0aa718f3e2,1
767,1.0,dataframe3,604c3e10ba869b0aa718f3e2,2
768,,dataframe4,604c3e10ba869b0aa718f3e2,0
769,,dataframe4,604c3e10ba869b0aa718f3e2,1
770,1.0,dataframe4,604c3e10ba869b0aa718f3e2,2
771,1.0,dataframe4,604c3e10ba869b0aa718f3e2,3
772,1.0,dataframe7,604dbbbdba869b0aa7199855,0
773,1.0,dataframe7,604dbbbdba869b0aa7199855,1
774,1.0,dataframe7,604dbbbdba869b0aa7199855,2
775,1.0,dataframe7,604dbbbdba869b0aa7199855,3
776,1.0,vector3,604cf57bba869b0aa719567b,0
777,1.0,vector3,604cf57bba869b0aa719567b,1
778,1.0,vector3,604cf57bba869b0aa719567b,2
779,1.0,vector_test,604cf57bba869b0aa719567b,0
780,1.0,vector_test,604cf57bba869b0aa719567b,1
781,1.0,vector_test,604cf57bba869b0aa719567b,2
782,1.0,matrix1,604db12eba869b0aa71990ab,0
783,1.0,matrix1,604db12eba869b0aa71990ab,1
784,1.0,matrix1,604db12eba869b0aa71990ab,2
785,1.0,matrix3,604db12eba869b0aa71990ab,0
786,1.0,matrix3,604db12eba869b0aa71990ab,1
787,1.0,matrix3,604db12eba869b0aa71990ab,2
788,,matrix3,604db12eba869b0aa71990ab,3
789,1.0,dataframe2,604db12eba869b0aa71990ab,0
790,1.0,dataframe2,604db12eba869b0aa71990ab,1
791,,dataframe4,604db12eba869b0aa71990ab,0
792,1.0,dataframe4,604db12eba869b0aa71990ab,1
793,1.0,dataframe4,604db12eba869b0aa71990ab,2
794,,dataframe4,604db12eba869b0aa71990ab,3
795,1.0,dataframe6,604db12eba869b0aa71990ab,0
796,1.0,dataframe6,604db12eba869b0aa71990ab,1
797,1.0,dataframe6,604db12eba869b0aa71990ab,2
798,1.0,dataframe6,604db12eba869b0aa71990ab,3
799,1.0,dataframe6,604db12eba869b0aa71990ab,4
800,1.0,vector2,604f27f0ba869b0aa71a9210,0
801,1.0,vector2,604f27f0ba869b0aa71a9210,1
802,,vector_test,604f27f0ba869b0aa71a9210,0
803,1.0,vector_test,604f27f0ba869b0aa71a9210,1
804,1.0,vector_test,604f27f0ba869b0aa71a9210,2
805,1.0,matrix3,604f27f0ba869b0aa71a9210,0
806,1.0,matrix3,604f27f0ba869b0aa71a9210,1
807,1.0,matrix3,604f27f0ba869b0aa71a9210,2
808,1.0,matrix3,604f27f0ba869b0aa71a9210,3
809,1.0,matrix_test,604f27f0ba869b0aa71a9210,0
810,1.0,matrix_test,604f27f0ba869b0aa71a9210,1
811,1.0,matrix_test,604f27f0ba869b0aa71a9210,2
812,,dataframe4,604f27f0ba869b0aa71a9210,0
813,1.0,dataframe4,604f27f0ba869b0aa71a9210,1
814,1.0,dataframe4,604f27f0ba869b0aa71a9210,2
815,,dataframe4,604f27f0ba869b0aa71a9210,3
816,1.0,dataframe7,604f27f0ba869b0aa71a9210,0
817,1.0,dataframe7,604f27f0ba869b0aa71a9210,1
818,1.0,dataframe7,604f27f0ba869b0aa71a9210,2
819,1.0,dataframe7,604f27f0ba869b0aa71a9210,3
820,1.0,vector2,601c0125f8a80c12afbe192d,0
821,1.0,vector2,601c0125f8a80c12afbe192d,1
822,1.0,vector3,601c0125f8a80c12afbe192d,0
823,1.0,vector3,601c0125f8a80c12afbe192d,1
824,1.0,vector3,601c0125f8a80c12afbe192d,2
825,1.0,vector_test,601c0125f8a80c12afbe192d,0
826,1.0,vector_test,601c0125f8a80c12afbe192d,1
827,1.0,vector_test,601c0125f8a80c12afbe192d,2
828,1.0,matrix1,601c0125f8a80c12afbe192d,0
829,1.0,matrix1,601c0125f8a80c12afbe192d,1
830,1.0,matrix1,601c0125f8a80c12afbe192d,2
831,1.0,vector3,604a2fdeba869b0aa718eb64,0
832,1.0,vector3,604a2fdeba869b0aa718eb64,1
833,1.0,vector3,604a2fdeba869b0aa718eb64,2
834,1.0,vector_test,604a2fdeba869b0aa718eb64,0
835,1.0,vector_test,604a2fdeba869b0aa718eb64,1
836,1.0,vector_test,604a2fdeba869b0aa718eb64,2
837,,matrix2,601c0125f8a80c12afbe192d,0
838,1.0,matrix2,601c0125f8a80c12afbe192d,1
839,1.0,matrix2,601c0125f8a80c12afbe192d,2
840,1.0,matrix2,601c0125f8a80c12afbe192d,3
841,1.0,matrix3,601c0125f8a80c12afbe192d,0
842,1.0,matrix3,601c0125f8a80c12afbe192d,1
843,1.0,matrix3,601c0125f8a80c12afbe192d,2
844,1.0,matrix3,601c0125f8a80c12afbe192d,3
845,,matrix4,601c0125f8a80c12afbe192d,0
846,1.0,matrix4,601c0125f8a80c12afbe192d,1
847,1.0,matrix4,601c0125f8a80c12afbe192d,2
848,1.0,matrix4,601c0125f8a80c12afbe192d,3
849,1.0,matrix5,601c0125f8a80c12afbe192d,0
850,1.0,matrix5,601c0125f8a80c12afbe192d,1
851,1.0,matrix5,601c0125f8a80c12afbe192d,2
852,1.0,matrix5,601c0125f8a80c12afbe192d,3
853,1.0,matrix_test,601c0125f8a80c12afbe192d,0
854,1.0,matrix_test,601c0125f8a80c12afbe192d,1
855,1.0,matrix_test,601c0125f8a80c12afbe192d,2
856,1.0,dataframe1,601c0125f8a80c12afbe192d,0
857,1.0,dataframe1,601c0125f8a80c12afbe192d,1
858,1.0,dataframe2,601c0125f8a80c12afbe192d,0
859,1.0,dataframe2,601c0125f8a80c12afbe192d,1
860,1.0,dataframe3,601c0125f8a80c12afbe192d,0
861,1.0,dataframe3,601c0125f8a80c12afbe192d,1
862,1.0,dataframe3,601c0125f8a80c12afbe192d,2
863,1.0,dataframe4,601c0125f8a80c12afbe192d,0
864,1.0,dataframe4,601c0125f8a80c12afbe192d,1
865,1.0,dataframe4,601c0125f8a80c12afbe192d,2
866,1.0,dataframe4,601c0125f8a80c12afbe192d,3
867,1.0,dataframe5,601c0125f8a80c12afbe192d,0
868,1.0,dataframe5,601c0125f8a80c12afbe192d,1
869,1.0,dataframe5,601c0125f8a80c12afbe192d,2
870,1.0,dataframe5,601c0125f8a80c12afbe192d,3
871,1.0,dataframe6,601c0125f8a80c12afbe192d,0
872,1.0,dataframe6,601c0125f8a80c12afbe192d,1
873,1.0,dataframe6,601c0125f8a80c12afbe192d,2
874,1.0,dataframe6,601c0125f8a80c12afbe192d,3
875,1.0,dataframe6,601c0125f8a80c12afbe192d,4
876,1.0,dataframe7,601c0125f8a80c12afbe192d,0
877,1.0,dataframe7,601c0125f8a80c12afbe192d,1
878,1.0,dataframe7,601c0125f8a80c12afbe192d,2
879,1.0,dataframe7,601c0125f8a80c12afbe192d,3
880,1.0,vector_test,604f7eb8ba869b0aa71b3404,0
881,1.0,vector_test,604f7eb8ba869b0aa71b3404,1
882,1.0,vector_test,604f7eb8ba869b0aa71b3404,2
883,1.0,matrix3,604f7eb8ba869b0aa71b3404,0
884,1.0,matrix3,604f7eb8ba869b0aa71b3404,1
885,1.0,matrix3,604f7eb8ba869b0aa71b3404,2
886,1.0,matrix3,604f7eb8ba869b0aa71b3404,3
887,1.0,matrix5,604f7eb8ba869b0aa71b3404,0
888,1.0,matrix5,604f7eb8ba869b0aa71b3404,1
889,1.0,matrix5,604f7eb8ba869b0aa71b3404,2
890,0.0,matrix5,604f7eb8ba869b0aa71b3404,3
891,1.0,vector3,6058a23dba869b0aa71c0ca0,0
892,1.0,vector3,6058a23dba869b0aa71c0ca0,1
893,1.0,vector3,6058a23dba869b0aa71c0ca0,2
894,1.0,vector3,6043d2acba869b0aa718e21f,0
895,1.0,vector3,6043d2acba869b0aa718e21f,1
896,1.0,vector3,6043d2acba869b0aa718e21f,2
897,1.0,matrix1,6043d2acba869b0aa718e21f,0
898,1.0,matrix1,6043d2acba869b0aa718e21f,1
899,1.0,matrix1,6043d2acba869b0aa718e21f,2
900,1.0,matrix2,6043d2acba869b0aa718e21f,0
901,1.0,matrix2,6043d2acba869b0aa718e21f,1
902,1.0,matrix2,6043d2acba869b0aa718e21f,2
903,1.0,matrix2,6043d2acba869b0aa718e21f,3
904,1.0,matrix3,6043d2acba869b0aa718e21f,0
905,1.0,matrix3,6043d2acba869b0aa718e21f,1
906,1.0,matrix3,6043d2acba869b0aa718e21f,2
907,1.0,matrix3,6043d2acba869b0aa718e21f,3
908,1.0,matrix4,6043d2acba869b0aa718e21f,0
909,1.0,matrix4,6043d2acba869b0aa718e21f,1
910,1.0,matrix4,6043d2acba869b0aa718e21f,2
911,1.0,matrix4,6043d2acba869b0aa718e21f,3
912,1.0,matrix5,6043d2acba869b0aa718e21f,0
913,1.0,matrix5,6043d2acba869b0aa718e21f,1
914,1.0,matrix5,6043d2acba869b0aa718e21f,2
915,1.0,matrix5,6043d2acba869b0aa718e21f,3
916,1.0,matrix_test,6043d2acba869b0aa718e21f,0
917,1.0,matrix_test,6043d2acba869b0aa718e21f,1
918,1.0,matrix_test,6043d2acba869b0aa718e21f,2
919,1.0,dataframe1,6043d2acba869b0aa718e21f,0
920,1.0,dataframe1,6043d2acba869b0aa718e21f,1
921,1.0,dataframe2,6043d2acba869b0aa718e21f,0
922,1.0,dataframe2,6043d2acba869b0aa718e21f,1
923,1.0,dataframe3,6043d2acba869b0aa718e21f,0
924,1.0,dataframe3,6043d2acba869b0aa718e21f,1
925,1.0,dataframe3,6043d2acba869b0aa718e21f,2
926,1.0,dataframe4,6043d2acba869b0aa718e21f,0
927,1.0,dataframe4,6043d2acba869b0aa718e21f,1
928,1.0,dataframe4,6043d2acba869b0aa718e21f,2
929,,dataframe4,6043d2acba869b0aa718e21f,3
930,,dataframe5,6043d2acba869b0aa718e21f,0
931,1.0,dataframe5,6043d2acba869b0aa718e21f,1
932,1.0,dataframe5,6043d2acba869b0aa718e21f,2
933,1.0,dataframe5,6043d2acba869b0aa718e21f,3
934,1.0,dataframe1,604f7eb8ba869b0aa71b3404,0
935,1.0,dataframe1,604f7eb8ba869b0aa71b3404,1
936,1.0,dataframe2,604f7eb8ba869b0aa71b3404,0
937,1.0,dataframe2,604f7eb8ba869b0aa71b3404,1
938,1.0,dataframe6,6043d2acba869b0aa718e21f,0
939,1.0,dataframe6,6043d2acba869b0aa718e21f,1
940,1.0,dataframe6,6043d2acba869b0aa718e21f,2
941,1.0,dataframe6,6043d2acba869b0aa718e21f,3
942,1.0,dataframe6,6043d2acba869b0aa718e21f,4
943,0.0,dataframe3,604f7eb8ba869b0aa71b3404,0
944,0.0,dataframe3,604f7eb8ba869b0aa71b3404,1
945,0.0,dataframe3,604f7eb8ba869b0aa71b3404,2
946,1.0,dataframe7,6043d2acba869b0aa718e21f,0
947,1.0,dataframe7,6043d2acba869b0aa718e21f,1
948,1.0,dataframe7,6043d2acba869b0aa718e21f,2
949,1.0,dataframe7,6043d2acba869b0aa718e21f,3
950,-1.0,matrix1,6059eacbba869b0aa71c6501,0
951,1.0,matrix1,6059eacbba869b0aa71c6501,1
952,0.0,matrix1,6059eacbba869b0aa71c6501,2
953,1.0,vector2,60562767ba869b0aa71b8b17,0
954,1.0,vector2,60562767ba869b0aa71b8b17,1
955,1.0,vector3,60562767ba869b0aa71b8b17,0
956,1.0,vector3,60562767ba869b0aa71b8b17,1
957,1.0,vector3,60562767ba869b0aa71b8b17,2
958,1.0,matrix1,60562767ba869b0aa71b8b17,0
959,1.0,matrix1,60562767ba869b0aa71b8b17,1
960,1.0,matrix1,60562767ba869b0aa71b8b17,2
961,1.0,matrix2,60562767ba869b0aa71b8b17,0
962,1.0,matrix2,60562767ba869b0aa71b8b17,1
963,1.0,matrix2,60562767ba869b0aa71b8b17,2
964,0.0,matrix2,60562767ba869b0aa71b8b17,3
965,1.0,matrix3,60562767ba869b0aa71b8b17,0
966,1.0,matrix3,60562767ba869b0aa71b8b17,1
967,1.0,matrix3,60562767ba869b0aa71b8b17,2
968,1.0,matrix3,60562767ba869b0aa71b8b17,3
969,1.0,matrix4,60562767ba869b0aa71b8b17,0
970,1.0,matrix4,60562767ba869b0aa71b8b17,1
971,1.0,matrix4,60562767ba869b0aa71b8b17,2
972,,matrix4,60562767ba869b0aa71b8b17,3
973,1.0,matrix4,6059eacbba869b0aa71c6501,0
974,0.0,matrix4,6059eacbba869b0aa71c6501,1
975,0.0,matrix4,6059eacbba869b0aa71c6501,2
976,1.0,matrix4,6059eacbba869b0aa71c6501,3
977,1.0,vector2,6055fb2bba869b0aa71b8107,0
978,1.0,vector2,6055fb2bba869b0aa71b8107,1
979,1.0,vector3,6055fb2bba869b0aa71b8107,0
980,1.0,vector3,6055fb2bba869b0aa71b8107,1
981,1.0,vector3,6055fb2bba869b0aa71b8107,2
982,1.0,vector_test,60584643ba869b0aa71c06b5,0
983,1.0,vector_test,60584643ba869b0aa71c06b5,1
984,,vector_test,60584643ba869b0aa71c06b5,2
985,1.0,matrix1,60584643ba869b0aa71c06b5,0
986,,matrix1,60584643ba869b0aa71c06b5,1
987,,matrix1,60584643ba869b0aa71c06b5,2
988,0.0,vector_test,60608252ba869b0aa71d499c,0
989,0.0,vector_test,60608252ba869b0aa71d499c,1
990,0.0,vector_test,60608252ba869b0aa71d499c,2
991,1.0,matrix2,6058a23dba869b0aa71c0ca0,0
992,1.0,matrix2,6058a23dba869b0aa71c0ca0,1
993,1.0,matrix2,6058a23dba869b0aa71c0ca0,2
994,1.0,matrix2,6058a23dba869b0aa71c0ca0,3
995,1.0,dataframe2,6059eacbba869b0aa71c6501,0
996,1.0,dataframe2,6059eacbba869b0aa71c6501,1
997,1.0,dataframe4,6059eacbba869b0aa71c6501,0
998,0.0,dataframe4,6059eacbba869b0aa71c6501,1
999,0.0,dataframe4,6059eacbba869b0aa71c6501,2
1000,0.0,dataframe4,6059eacbba869b0aa71c6501,3
1001,1.0,vector_test,60631f96ba869b0aa71d8f4b,0
1002,1.0,vector_test,60631f96ba869b0aa71d8f4b,1
1003,1.0,vector_test,60631f96ba869b0aa71d8f4b,2
1004,1.0,vector2,60652e90ba869b0aa71df5e7,0
1005,1.0,vector2,60652e90ba869b0aa71df5e7,1
1006,-1.0,vector_test,60652e90ba869b0aa71df5e7,0
1007,-1.0,vector_test,60652e90ba869b0aa71df5e7,1
1008,-1.0,vector_test,60652e90ba869b0aa71df5e7,2
1009,1.0,vector3,606b527ae1dff50acdb89cc1,0
1010,1.0,vector3,606b527ae1dff50acdb89cc1,1
1011,1.0,vector3,606b527ae1dff50acdb89cc1,2
1012,0.0,vector_test,606b527ae1dff50acdb89cc1,0
1013,0.0,vector_test,606b527ae1dff50acdb89cc1,1
1014,1.0,vector_test,606b527ae1dff50acdb89cc1,2
1015,1.0,matrix3,606b527ae1dff50acdb89cc1,0
1016,1.0,matrix3,606b527ae1dff50acdb89cc1,1
1017,1.0,matrix3,606b527ae1dff50acdb89cc1,2
1018,1.0,matrix3,606b527ae1dff50acdb89cc1,3
1019,1.0,matrix1,606b7a47e1dff50acdb8ac03,0
1020,1.0,matrix1,606b7a47e1dff50acdb8ac03,1
1021,1.0,matrix1,606b7a47e1dff50acdb8ac03,2
1022,1.0,matrix2,606b7a47e1dff50acdb8ac03,0
1023,1.0,matrix2,606b7a47e1dff50acdb8ac03,1
1024,1.0,matrix2,606b7a47e1dff50acdb8ac03,2
1025,1.0,matrix2,606b7a47e1dff50acdb8ac03,3
1026,1.0,matrix3,606b7a47e1dff50acdb8ac03,0
1027,1.0,matrix3,606b7a47e1dff50acdb8ac03,1
1028,1.0,matrix3,606b7a47e1dff50acdb8ac03,2
1029,1.0,matrix3,606b7a47e1dff50acdb8ac03,3
1030,1.0,matrix4,606b7a47e1dff50acdb8ac03,0
1031,1.0,matrix4,606b7a47e1dff50acdb8ac03,1
1032,1.0,matrix4,606b7a47e1dff50acdb8ac03,2
1033,1.0,matrix4,606b7a47e1dff50acdb8ac03,3
1034,1.0,matrix5,606b7a47e1dff50acdb8ac03,0
1035,1.0,matrix5,606b7a47e1dff50acdb8ac03,1
1036,1.0,matrix5,606b7a47e1dff50acdb8ac03,2
1037,1.0,matrix5,606b7a47e1dff50acdb8ac03,3
1038,1.0,matrix_test,606b7a47e1dff50acdb8ac03,0
1039,1.0,matrix_test,606b7a47e1dff50acdb8ac03,1
1040,1.0,matrix_test,606b7a47e1dff50acdb8ac03,2
1041,1.0,dataframe1,606b7a47e1dff50acdb8ac03,0
1042,1.0,dataframe1,606b7a47e1dff50acdb8ac03,1
1043,1.0,dataframe2,606b7a47e1dff50acdb8ac03,0
1044,1.0,dataframe2,606b7a47e1dff50acdb8ac03,1
1045,1.0,dataframe3,606b7a47e1dff50acdb8ac03,0
1046,1.0,dataframe3,606b7a47e1dff50acdb8ac03,1
1047,1.0,dataframe3,606b7a47e1dff50acdb8ac03,2
1048,1.0,dataframe4,606b7a47e1dff50acdb8ac03,0
1049,1.0,dataframe4,606b7a47e1dff50acdb8ac03,1
1050,1.0,dataframe4,606b7a47e1dff50acdb8ac03,2
1051,1.0,dataframe4,606b7a47e1dff50acdb8ac03,3
1052,1.0,dataframe5,606b7a47e1dff50acdb8ac03,0
1053,1.0,dataframe5,606b7a47e1dff50acdb8ac03,1
1054,1.0,dataframe5,606b7a47e1dff50acdb8ac03,2
1055,,dataframe5,606b7a47e1dff50acdb8ac03,3
1056,1.0,dataframe6,606b7a47e1dff50acdb8ac03,0
1057,1.0,dataframe6,606b7a47e1dff50acdb8ac03,1
1058,1.0,dataframe6,606b7a47e1dff50acdb8ac03,2
1059,1.0,dataframe6,606b7a47e1dff50acdb8ac03,3
1060,1.0,dataframe6,606b7a47e1dff50acdb8ac03,4
1061,1.0,dataframe7,606b7a47e1dff50acdb8ac03,0
1062,1.0,dataframe7,606b7a47e1dff50acdb8ac03,1
1063,1.0,dataframe7,606b7a47e1dff50acdb8ac03,2
1064,1.0,dataframe7,606b7a47e1dff50acdb8ac03,3
1065,1.0,dataframe7,606b527ae1dff50acdb89cc1,0
1066,0.0,dataframe7,606b527ae1dff50acdb89cc1,1
1067,1.0,dataframe7,606b527ae1dff50acdb89cc1,2
1068,0.0,dataframe7,606b527ae1dff50acdb89cc1,3
1069,1.0,matrix_test,606a7e96e1dff50acdb88999,0
1070,,matrix_test,606a7e96e1dff50acdb88999,1
1071,,matrix_test,606a7e96e1dff50acdb88999,2
1072,1.0,vector2,606c7099e1dff50acdb8ed5d,0
1073,1.0,vector2,606c7099e1dff50acdb8ed5d,1
1074,1.0,vector3,606c7099e1dff50acdb8ed5d,0
1075,1.0,vector3,606c7099e1dff50acdb8ed5d,1
1076,1.0,vector3,606c7099e1dff50acdb8ed5d,2
1077,1.0,vector_test,606c7099e1dff50acdb8ed5d,0
1078,0.0,vector_test,606c7099e1dff50acdb8ed5d,1
1079,1.0,vector_test,606c7099e1dff50acdb8ed5d,2
1080,0.0,matrix1,606c7099e1dff50acdb8ed5d,0
1081,1.0,matrix1,606c7099e1dff50acdb8ed5d,1
1082,1.0,matrix1,606c7099e1dff50acdb8ed5d,2
1083,1.0,matrix2,606c7099e1dff50acdb8ed5d,0
1084,-1.0,matrix2,606c7099e1dff50acdb8ed5d,1
1085,-1.0,matrix2,606c7099e1dff50acdb8ed5d,2
1086,1.0,matrix2,606c7099e1dff50acdb8ed5d,3
1087,1.0,matrix3,606c7099e1dff50acdb8ed5d,0
1088,-1.0,matrix3,606c7099e1dff50acdb8ed5d,1
1089,1.0,matrix3,606c7099e1dff50acdb8ed5d,2
1090,-1.0,matrix3,606c7099e1dff50acdb8ed5d,3
1091,-1.0,matrix4,606c7099e1dff50acdb8ed5d,0
1092,1.0,matrix4,606c7099e1dff50acdb8ed5d,1
1093,1.0,matrix4,606c7099e1dff50acdb8ed5d,2
1094,1.0,matrix4,606c7099e1dff50acdb8ed5d,3
1095,1.0,vector2,606c8fc3e1dff50acdb934b7,0
1096,1.0,vector2,606c8fc3e1dff50acdb934b7,1
1097,1.0,vector3,606c8fc3e1dff50acdb934b7,0
1098,1.0,vector3,606c8fc3e1dff50acdb934b7,1
1099,0.0,vector3,606c8fc3e1dff50acdb934b7,2
1100,1.0,matrix_test,606c7099e1dff50acdb8ed5d,0
1101,1.0,matrix_test,606c7099e1dff50acdb8ed5d,1
1102,1.0,matrix_test,606c7099e1dff50acdb8ed5d,2
1103,1.0,dataframe1,606c7099e1dff50acdb8ed5d,0
1104,1.0,dataframe1,606c7099e1dff50acdb8ed5d,1
1105,1.0,dataframe2,606c7099e1dff50acdb8ed5d,0
1106,1.0,dataframe2,606c7099e1dff50acdb8ed5d,1
1107,1.0,dataframe3,606c7099e1dff50acdb8ed5d,0
1108,1.0,dataframe3,606c7099e1dff50acdb8ed5d,1
1109,1.0,dataframe3,606c7099e1dff50acdb8ed5d,2
1110,1.0,vector3,606c9965e1dff50acdb94283,0
1111,1.0,vector3,606c9965e1dff50acdb94283,1
1112,1.0,vector3,606c9965e1dff50acdb94283,2
1113,1.0,matrix2,6071c659e1dff50acdb9c446,0
1114,1.0,matrix2,6071c659e1dff50acdb9c446,1
1115,1.0,matrix2,6071c659e1dff50acdb9c446,2
1116,1.0,matrix2,6071c659e1dff50acdb9c446,3
1117,1.0,matrix3,6071c659e1dff50acdb9c446,0
1118,1.0,matrix3,6071c659e1dff50acdb9c446,1
1119,1.0,matrix3,6071c659e1dff50acdb9c446,2
1120,1.0,matrix3,6071c659e1dff50acdb9c446,3
1121,1.0,matrix4,6071c659e1dff50acdb9c446,0
1122,1.0,matrix4,6071c659e1dff50acdb9c446,1
1123,1.0,matrix4,6071c659e1dff50acdb9c446,2
1124,1.0,matrix4,6071c659e1dff50acdb9c446,3
1125,1.0,matrix5,6071c659e1dff50acdb9c446,0
1126,1.0,matrix5,6071c659e1dff50acdb9c446,1
1127,1.0,matrix5,6071c659e1dff50acdb9c446,2
1128,1.0,matrix5,6071c659e1dff50acdb9c446,3
1129,1.0,dataframe1,6071c659e1dff50acdb9c446,0
1130,1.0,dataframe1,6071c659e1dff50acdb9c446,1
1131,1.0,dataframe2,6071c659e1dff50acdb9c446,0
1132,1.0,dataframe2,6071c659e1dff50acdb9c446,1
1133,1.0,dataframe3,6071c659e1dff50acdb9c446,0
1134,1.0,dataframe3,6071c659e1dff50acdb9c446,1
1135,1.0,dataframe3,6071c659e1dff50acdb9c446,2
1136,1.0,dataframe4,6071c659e1dff50acdb9c446,0
1137,1.0,dataframe4,6071c659e1dff50acdb9c446,1
1138,1.0,dataframe4,6071c659e1dff50acdb9c446,2
1139,1.0,dataframe4,6071c659e1dff50acdb9c446,3
1140,,dataframe5,6071c659e1dff50acdb9c446,0
1141,1.0,dataframe5,6071c659e1dff50acdb9c446,1
1142,1.0,dataframe5,6071c659e1dff50acdb9c446,2
1143,1.0,dataframe5,6071c659e1dff50acdb9c446,3
1144,0.0,vector3,60705318e1dff50acdb9be8b,0
1145,1.0,vector3,60705318e1dff50acdb9be8b,1
1146,1.0,vector3,60705318e1dff50acdb9be8b,2
1147,1.0,vector_test,60705318e1dff50acdb9be8b,0
1148,0.0,vector_test,60705318e1dff50acdb9be8b,1
1149,1.0,vector_test,60705318e1dff50acdb9be8b,2
1150,,matrix2,60705318e1dff50acdb9be8b,0
1151,,matrix2,60705318e1dff50acdb9be8b,1
1152,,matrix2,60705318e1dff50acdb9be8b,2
1153,1.0,matrix2,60705318e1dff50acdb9be8b,3
1154,,matrix3,60705318e1dff50acdb9be8b,0
1155,1.0,matrix3,60705318e1dff50acdb9be8b,1
1156,,matrix3,60705318e1dff50acdb9be8b,2
1157,,matrix3,60705318e1dff50acdb9be8b,3
1158,,matrix4,60705318e1dff50acdb9be8b,0
1159,1.0,matrix4,60705318e1dff50acdb9be8b,1
1160,1.0,matrix4,60705318e1dff50acdb9be8b,2
1161,,matrix4,60705318e1dff50acdb9be8b,3
1162,1.0,matrix5,60705318e1dff50acdb9be8b,0
1163,1.0,matrix5,60705318e1dff50acdb9be8b,1
1164,1.0,matrix5,60705318e1dff50acdb9be8b,2
1165,,matrix5,60705318e1dff50acdb9be8b,3
1166,,dataframe4,60705318e1dff50acdb9be8b,0
1167,1.0,dataframe4,60705318e1dff50acdb9be8b,1
1168,1.0,dataframe4,60705318e1dff50acdb9be8b,2
1169,1.0,dataframe4,60705318e1dff50acdb9be8b,3
1170,,dataframe6,60705318e1dff50acdb9be8b,0
1171,,dataframe6,60705318e1dff50acdb9be8b,1
1172,1.0,dataframe6,60705318e1dff50acdb9be8b,2
1173,1.0,dataframe6,60705318e1dff50acdb9be8b,3
1174,,dataframe6,60705318e1dff50acdb9be8b,4
1175,,dataframe7,60705318e1dff50acdb9be8b,0
1176,-1.0,dataframe7,60705318e1dff50acdb9be8b,1
1177,0.0,dataframe7,60705318e1dff50acdb9be8b,2
1178,,dataframe7,60705318e1dff50acdb9be8b,3
1179,1.0,vector_test,606c8fc3e1dff50acdb934b7,0
1180,0.0,vector_test,606c8fc3e1dff50acdb934b7,1
1181,-1.0,vector_test,606c8fc3e1dff50acdb934b7,2
1182,-1.0,matrix1,606c8fc3e1dff50acdb934b7,0
1183,1.0,matrix1,606c8fc3e1dff50acdb934b7,1
1184,1.0,matrix1,606c8fc3e1dff50acdb934b7,2
1185,1.0,matrix2,606c8fc3e1dff50acdb934b7,0
1186,-1.0,matrix2,606c8fc3e1dff50acdb934b7,1
1187,1.0,matrix2,606c8fc3e1dff50acdb934b7,2
1188,-1.0,matrix2,606c8fc3e1dff50acdb934b7,3
1189,1.0,vector2,607314dce1dff50acdb9d355,0
1190,1.0,vector2,607314dce1dff50acdb9d355,1
1191,-1.0,vector3,607314dce1dff50acdb9d355,0
1192,0.0,vector3,607314dce1dff50acdb9d355,1
1193,1.0,vector3,607314dce1dff50acdb9d355,2
1194,1.0,vector_test,607314dce1dff50acdb9d355,0
1195,1.0,vector_test,607314dce1dff50acdb9d355,1
1196,1.0,vector_test,607314dce1dff50acdb9d355,2
1197,1.0,matrix1,607314dce1dff50acdb9d355,0
1198,1.0,matrix1,607314dce1dff50acdb9d355,1
1199,1.0,matrix1,607314dce1dff50acdb9d355,2
1200,1.0,matrix2,607314dce1dff50acdb9d355,0
1201,1.0,matrix2,607314dce1dff50acdb9d355,1
1202,1.0,matrix2,607314dce1dff50acdb9d355,2
1203,1.0,matrix2,607314dce1dff50acdb9d355,3
1204,1.0,matrix3,607314dce1dff50acdb9d355,0
1205,1.0,matrix3,607314dce1dff50acdb9d355,1
1206,1.0,matrix3,607314dce1dff50acdb9d355,2
1207,1.0,matrix3,607314dce1dff50acdb9d355,3
1208,1.0,matrix4,607314dce1dff50acdb9d355,0
1209,1.0,matrix4,607314dce1dff50acdb9d355,1
1210,1.0,matrix4,607314dce1dff50acdb9d355,2
1211,1.0,matrix4,607314dce1dff50acdb9d355,3
1212,1.0,matrix5,607314dce1dff50acdb9d355,0
1213,1.0,matrix5,607314dce1dff50acdb9d355,1
1214,1.0,matrix5,607314dce1dff50acdb9d355,2
1215,1.0,matrix5,607314dce1dff50acdb9d355,3
1216,1.0,matrix_test,607314dce1dff50acdb9d355,0
1217,1.0,matrix_test,607314dce1dff50acdb9d355,1
1218,1.0,matrix_test,607314dce1dff50acdb9d355,2
1219,1.0,dataframe1,607314dce1dff50acdb9d355,0
1220,1.0,dataframe1,607314dce1dff50acdb9d355,1
1221,1.0,dataframe2,607314dce1dff50acdb9d355,0
1222,1.0,dataframe2,607314dce1dff50acdb9d355,1
1223,1.0,dataframe3,607314dce1dff50acdb9d355,0
1224,1.0,dataframe3,607314dce1dff50acdb9d355,1
1225,1.0,dataframe3,607314dce1dff50acdb9d355,2
1226,1.0,dataframe4,607314dce1dff50acdb9d355,0
1227,1.0,dataframe4,607314dce1dff50acdb9d355,1
1228,1.0,dataframe4,607314dce1dff50acdb9d355,2
1229,-1.0,dataframe4,607314dce1dff50acdb9d355,3
1230,1.0,dataframe5,607314dce1dff50acdb9d355,0
1231,1.0,dataframe5,607314dce1dff50acdb9d355,1
1232,1.0,dataframe5,607314dce1dff50acdb9d355,2
1233,,dataframe5,607314dce1dff50acdb9d355,3
1234,1.0,dataframe6,607314dce1dff50acdb9d355,0
1235,1.0,dataframe6,607314dce1dff50acdb9d355,1
1236,1.0,dataframe6,607314dce1dff50acdb9d355,2
1237,1.0,dataframe6,607314dce1dff50acdb9d355,3
1238,1.0,dataframe6,607314dce1dff50acdb9d355,4
1239,1.0,dataframe7,607314dce1dff50acdb9d355,0
1240,1.0,dataframe7,607314dce1dff50acdb9d355,1
1241,1.0,dataframe7,607314dce1dff50acdb9d355,2
1242,1.0,dataframe7,607314dce1dff50acdb9d355,3
1243,1.0,vector2,607161e8e1dff50acdb9c3c2,0
1244,1.0,vector2,607161e8e1dff50acdb9c3c2,1
1245,1.0,matrix3,606178bcba869b0aa71d74ab,0
1246,,matrix3,606178bcba869b0aa71d74ab,1
1247,,matrix3,606178bcba869b0aa71d74ab,2
1248,,matrix3,606178bcba869b0aa71d74ab,3
